"varname","modelform","k","AICc","AICcdiff","R2m","R2c","term","estimate","std.error","p.value"
"Ca","2x",4,592.2,0,0.02461,0.9425,"(Intercept)",9.9,1.4,1.5e-11
"Ca","2x",4,592.2,0,0.02461,0.9425,"iceout_doy",-0.026,0.0036,2e-11
"Ca","2x",4,592.2,0,0.02461,0.9425,"iceout_doy:volume",1.2e-07,2.4e-08,1.9e-06
"Ca","2x",4,592.2,0,0.02461,0.9425,"volume",-1.9e-05,1.1e-05,0.091
"Ca","2x",4,592.2,0,0.02461,0.9425,"(Intercept)",9.9,1.4,1.5e-11
"Ca","2x",4,592.2,0,0.02461,0.9425,"volume:iceout_doy",1.2e-07,2.4e-08,1.9e-06
"Ca","2x",4,592.2,0,0.02461,0.9425,"volume",-1.9e-05,1.1e-05,0.091
"Ca","2x",4,592.2,0,0.02461,0.9425,"iceout_doy",-0.026,0.0036,2e-11
"Ca","2x",4,600.9,8.69999999999993,0.02744,0.9384,"(Intercept)",6.9,1.2,5.8e-08
"Ca","2x",4,600.9,8.69999999999993,0.02744,0.9384,"SWE",-0.013,0.002,2.3e-09
"Ca","2x",4,600.9,8.69999999999993,0.02744,0.9384,"SWE:volume",6.5e-08,1.7e-08,0.00013
"Ca","2x",4,600.9,8.69999999999993,0.02744,0.9384,"volume",-6e-06,9.9e-06,0.55
"Ca","2x",4,602.1,9.89999999999998,0.09202,0.9405,"(Intercept)",5.9,3.3,0.081
"Ca","2x",4,602.1,9.89999999999998,0.09202,0.9405,"hydro",1.1,1.5,0.47
"Ca","2x",4,602.1,9.89999999999998,0.09202,0.9405,"iceout_doy:hydro",-0.015,0.0042,0.00068
"Ca","2x",4,602.1,9.89999999999998,0.09202,0.9405,"iceout_doy",0.017,0.0093,0.072
"Ca","2x",4,602.1,9.89999999999998,0.09202,0.9405,"(Intercept)",5.9,3.3,0.081
"Ca","2x",4,602.1,9.89999999999998,0.09202,0.9405,"hydro:iceout_doy",-0.015,0.0042,0.00068
"Ca","2x",4,602.1,9.89999999999998,0.09202,0.9405,"iceout_doy",0.017,0.0093,0.072
"Ca","2x",4,602.1,9.89999999999998,0.09202,0.9405,"hydro",1.1,1.5,0.47
"Chl","2",3,337.4,0,0.1127,0.3285,"(Intercept)",0.03,0.27,0.91
"Chl","2",3,337.4,0,0.1127,0.3285,"TDN",8.7,2.7,0.0019
"Chl","2",3,337.4,0,0.1127,0.3285,"Watertemp",0.0044,0.021,0.83
"Chl","3",4,338.1,0.700000000000045,0.1115,0.3165,"(Intercept)",0.37,0.39,0.35
"Chl","3",4,338.1,0.700000000000045,0.1115,0.3165,"TDN",7.1,3,0.02
"Chl","3",4,338.1,0.700000000000045,0.1115,0.3165,"SWE",-0.0014,0.0012,0.24
"Chl","3",4,338.1,0.700000000000045,0.1115,0.3165,"Watertemp",0.00061,0.021,0.98
"Chl","3",4,338.2,0.800000000000011,0.1451,0.3379,"(Intercept)",0.38,0.4,0.35
"Chl","3",4,338.2,0.800000000000011,0.1451,0.3379,"TDN",8,2.8,0.0047
"Chl","3",4,338.2,0.800000000000011,0.1451,0.3379,"solar_dec",-0.001,0.00086,0.26
"Chl","3",4,338.2,0.800000000000011,0.1451,0.3379,"Watertemp",0.0052,0.021,0.8
"Chl","3",4,339,1.60000000000002,0.1076,0.3207,"(Intercept)",0.61,0.83,0.46
"Chl","3",4,339,1.60000000000002,0.1076,0.3207,"TDN",7.7,3,0.012
"Chl","3",4,339,1.60000000000002,0.1076,0.3207,"iceout_doy",-0.0022,0.003,0.46
"Chl","3",4,339,1.60000000000002,0.1076,0.3207,"Watertemp",-0.0046,0.024,0.85
"Chl","3",4,339.1,1.70000000000005,0.1128,0.3244,"(Intercept)",0.013,0.27,0.96
"Chl","3",4,339.1,1.70000000000005,0.1128,0.3244,"TDN",8.3,2.8,0.0034
"Chl","3",4,339.1,1.70000000000005,0.1128,0.3244,"TDP",31,44,0.49
"Chl","3",4,339.1,1.70000000000005,0.1128,0.3244,"Watertemp",0.0026,0.021,0.9
"Chl","3",4,339.1,1.70000000000005,0.1074,0.3243,"(Intercept)",0.018,0.27,0.95
"Chl","3",4,339.1,1.70000000000005,0.1074,0.3243,"TDN",8,3,0.0081
"Chl","3",4,339.1,1.70000000000005,0.1074,0.3243,"days_since_iceout",0.0018,0.0028,0.52
"Chl","3",4,339.1,1.70000000000005,0.1074,0.3243,"Watertemp",8e-04,0.021,0.97
"Chl","3",4,339.4,2,0.1139,0.3272,"(Intercept)",0.93,2.2,0.68
"Chl","3",4,339.4,2,0.1139,0.3272,"TDN",8.7,2.7,0.0019
"Chl","3",4,339.4,2,0.1139,0.3272,"solar_jas",-0.00019,0.00047,0.69
"Chl","3",4,339.4,2,0.1139,0.3272,"Watertemp",0.0051,0.021,0.81
"Chl","2x",4,340.5,3.10000000000002,0.07706,0.2856,"(Intercept)",-0.47,0.74,0.53
"Chl","2x",4,340.5,3.10000000000002,0.07706,0.2856,"SWE:Watertemp",-0.00044,0.00025,0.076
"Chl","2x",4,340.5,3.10000000000002,0.07706,0.2856,"SWE",0.0036,0.0037,0.33
"Chl","2x",4,340.5,3.10000000000002,0.07706,0.2856,"Watertemp",0.095,0.048,0.052
"Chl","3",4,340.8,3.40000000000003,0.1088,0.2749,"(Intercept)",1.1,0.46,0.015
"Chl","3",4,340.8,3.40000000000003,0.1088,0.2749,"solar_dec",-0.0014,8e-04,0.092
"Chl","3",4,340.8,3.40000000000003,0.1088,0.2749,"SWE",-0.0026,0.0011,0.02
"Chl","3",4,340.8,3.40000000000003,0.1088,0.2749,"Watertemp",0.016,0.02,0.42
"Chl","2",3,341.7,4.30000000000001,0.05936,0.2707,"(Intercept)",0.67,0.38,0.08
"Chl","2",3,341.7,4.30000000000001,0.05936,0.2707,"SWE",-0.0027,0.0011,0.019
"Chl","2",3,341.7,4.30000000000001,0.05936,0.2707,"Watertemp",0.016,0.02,0.42
"Chl","3",4,343,5.60000000000002,0.09172,0.2783,"(Intercept)",1.8,0.8,0.024
"Chl","3",4,343,5.60000000000002,0.09172,0.2783,"solar_dec",-0.0014,0.00083,0.12
"Chl","3",4,343,5.60000000000002,0.09172,0.2783,"iceout_doy",-0.0051,0.0028,0.07
"Chl","3",4,343,5.60000000000002,0.09172,0.2783,"Watertemp",0.0037,0.024,0.88
"Chl","3",4,343.1,5.70000000000005,0.06395,0.2742,"(Intercept)",0.61,0.39,0.12
"Chl","3",4,343.1,5.70000000000005,0.06395,0.2742,"SWE",-0.0025,0.0011,0.03
"Chl","3",4,343.1,5.70000000000005,0.06395,0.2742,"Watertemp",0.014,0.02,0.5
"Chl","3",4,343.1,5.70000000000005,0.06395,0.2742,"TDP",36,45,0.42
"Chl","3",4,343.5,6.10000000000002,0.08844,0.2795,"(Intercept)",0.51,0.4,0.21
"Chl","3",4,343.5,6.10000000000002,0.08844,0.2795,"solar_dec",-0.0015,0.00083,0.097
"Chl","3",4,343.5,6.10000000000002,0.08844,0.2795,"days_since_iceout",0.0045,0.0026,0.092
"Chl","3",4,343.5,6.10000000000002,0.08844,0.2795,"Watertemp",0.016,0.021,0.43
"Chl","2",3,343.5,6.10000000000002,0.04298,0.271,"(Intercept)",1.5,0.77,0.06
"Chl","2",3,343.5,6.10000000000002,0.04298,0.271,"iceout_doy",-0.0055,0.0028,0.051
"Chl","2",3,343.5,6.10000000000002,0.04298,0.271,"Watertemp",0.0027,0.024,0.91
"Chl","3",4,343.8,6.40000000000003,0.05948,0.2704,"(Intercept)",0.84,2.2,0.7
"Chl","3",4,343.8,6.40000000000003,0.05948,0.2704,"SWE",-0.0027,0.0011,0.02
"Chl","3",4,343.8,6.40000000000003,0.05948,0.2704,"Watertemp",0.017,0.02,0.42
"Chl","3",4,343.8,6.40000000000003,0.05948,0.2704,"solar_jas",-3.8e-05,0.00047,0.94
"Chl","2x",4,343.9,6.5,0.05586,0.2871,"(Intercept)",-0.36,1.6,0.82
"Chl","2x",4,343.9,6.5,0.05586,0.2871,"iceout_doy:Watertemp",-6e-04,0.00047,0.2
"Chl","2x",4,343.9,6.5,0.05586,0.2871,"iceout_doy",0.0031,0.0073,0.67
"Chl","2x",4,343.9,6.5,0.05586,0.2871,"Watertemp",0.13,0.1,0.2
"Chl","2",3,344.3,6.90000000000003,0.07677,0.2543,"(Intercept)",0.55,0.4,0.16
"Chl","2",3,344.3,6.90000000000003,0.07677,0.2543,"solar_dec",-0.0015,0.00082,0.086
"Chl","2",3,344.3,6.90000000000003,0.07677,0.2543,"Watertemp",0.031,0.019,0.11
"Chl","2",3,344.3,6.90000000000003,0.0366,0.2745,"(Intercept)",0.017,0.28,0.95
"Chl","2",3,344.3,6.90000000000003,0.0366,0.2745,"days_since_iceout",0.0046,0.0026,0.082
"Chl","2",3,344.3,6.90000000000003,0.0366,0.2745,"Watertemp",0.017,0.021,0.43
"Chl","2x",4,344.6,7.20000000000005,0.05031,0.2873,"(Intercept)",0.39,0.39,0.32
"Chl","2x",4,344.6,7.20000000000005,0.05031,0.2873,"Watertemp",-0.013,0.03,0.67
"Chl","2x",4,344.6,7.20000000000005,0.05031,0.2873,"days_since_iceout:Watertemp",0.00073,0.00054,0.18
"Chl","2x",4,344.6,7.20000000000005,0.05031,0.2873,"days_since_iceout",-0.0053,0.0079,0.5
"Chl","3",4,344.7,7.30000000000001,0.04891,0.273,"(Intercept)",1.3,0.78,0.089
"Chl","3",4,344.7,7.30000000000001,0.04891,0.273,"iceout_doy",-0.0051,0.0028,0.073
"Chl","3",4,344.7,7.30000000000001,0.04891,0.273,"TDP",43,45,0.34
"Chl","3",4,344.7,7.30000000000001,0.04891,0.273,"Watertemp",0.00066,0.024,0.98
"Chl","3",4,344.8,7.40000000000003,0.08629,0.2585,"(Intercept)",0.52,0.39,0.19
"Chl","3",4,344.8,7.40000000000003,0.08629,0.2585,"Watertemp",0.026,0.019,0.19
"Chl","3",4,344.8,7.40000000000003,0.08629,0.2585,"TDP",55,44,0.22
"Chl","3",4,344.8,7.40000000000003,0.08629,0.2585,"solar_dec",-0.0015,0.00081,0.084
"Chl","1",2,345.3,7.90000000000003,0.02461,0.2497,"(Intercept)",0.048,0.28,0.86
"Chl","1",2,345.3,7.90000000000003,0.02461,0.2497,"Watertemp",0.032,0.019,0.096
"Chl","3",4,345.3,7.90000000000003,0.04353,0.2769,"(Intercept)",-0.0097,0.28,0.97
"Chl","3",4,345.3,7.90000000000003,0.04353,0.2769,"days_since_iceout",0.0043,0.0027,0.11
"Chl","3",4,345.3,7.90000000000003,0.04353,0.2769,"TDP",46,44,0.3
"Chl","3",4,345.3,7.90000000000003,0.04353,0.2769,"Watertemp",0.013,0.021,0.54
"Chl","3",4,345.6,8.20000000000005,0.04303,0.2709,"(Intercept)",1.5,2.3,0.52
"Chl","3",4,345.6,8.20000000000005,0.04303,0.2709,"iceout_doy",-0.0055,0.0028,0.055
"Chl","3",4,345.6,8.20000000000005,0.04303,0.2709,"Watertemp",0.0027,0.025,0.91
"Chl","3",4,345.6,8.20000000000005,0.04303,0.2709,"solar_jas",-9e-06,0.00049,0.99
"Chl","2",3,345.9,8.5,0.03341,0.2532,"(Intercept)",0.014,0.28,0.96
"Chl","2",3,345.9,8.5,0.03341,0.2532,"Watertemp",0.027,0.02,0.17
"Chl","2",3,345.9,8.5,0.03341,0.2532,"TDP",54,45,0.22
"Chl","3",4,346,8.60000000000002,0.08446,0.2582,"(Intercept)",-0.78,2.3,0.73
"Chl","3",4,346,8.60000000000002,0.08446,0.2582,"Watertemp",0.029,0.019,0.13
"Chl","3",4,346,8.60000000000002,0.08446,0.2582,"solar_jas",3e-04,0.00051,0.56
"Chl","3",4,346,8.60000000000002,0.08446,0.2582,"solar_dec",-0.0017,0.00092,0.076
"Chl","3",4,346.4,9,0.0371,0.2736,"(Intercept)",0.54,2.3,0.82
"Chl","3",4,346.4,9,0.0371,0.2736,"days_since_iceout",0.0046,0.0026,0.084
"Chl","3",4,346.4,9,0.0371,0.2736,"Watertemp",0.017,0.021,0.42
"Chl","3",4,346.4,9,0.0371,0.2736,"solar_jas",-0.00011,0.00049,0.82
"Chl","2",3,347.3,9.90000000000003,0.02532,0.2487,"(Intercept)",0.71,2.3,0.76
"Chl","2",3,347.3,9.90000000000003,0.02532,0.2487,"Watertemp",0.033,0.019,0.093
"Chl","2",3,347.3,9.90000000000003,0.02532,0.2487,"solar_jas",-0.00014,0.00048,0.77
"Cl","2x",4,-93.53,0,0.294,0.6026,"(Intercept)",0.13,0.079,0.11
"Cl","2x",4,-93.53,0,0.294,0.6026,"SWE:Cl_dep_2000_2009",-3.3e-05,2.3e-05,0.14
"Cl","2x",4,-93.53,0,0.294,0.6026,"SWE",-4.4e-06,0.00037,0.99
"Cl","2x",4,-93.53,0,0.294,0.6026,"Cl_dep_2000_2009",0.02,0.005,0.00094
"Cl","2",3,-93.42,0.109999999999999,0.2884,0.6029,"(Intercept)",0.19,0.065,0.0033
"Cl","2",3,-93.42,0.109999999999999,0.2884,0.6029,"Cl_dep_2000_2009",0.015,0.0037,0.00096
"Cl","2",3,-93.42,0.109999999999999,0.2884,0.6029,"SWE",-0.00044,0.00022,0.044
"Cl","3",4,-93.09,0.439999999999998,0.321,0.605,"(Intercept)",0.35,0.13,0.0098
"Cl","3",4,-93.09,0.439999999999998,0.321,0.605,"hydro",-0.068,0.05,0.2
"Cl","3",4,-93.09,0.439999999999998,0.321,0.605,"SWE",-0.00043,0.00022,0.05
"Cl","3",4,-93.09,0.439999999999998,0.321,0.605,"Cl_dep_2000_2009",0.014,0.0037,0.0018
"Cl","2",3,-92.5,1.03,0.2959,0.5788,"(Intercept)",0.27,0.097,0.006
"Cl","2",3,-92.5,1.03,0.2959,0.5788,"Cl_dep_2000_2009",0.015,0.0035,0.00045
"Cl","2",3,-92.5,1.03,0.2959,0.5788,"iceout_doy",-0.00079,0.00044,0.075
"Cl","3",4,-92.36,1.17,0.3296,0.5817,"(Intercept)",0.43,0.15,0.0037
"Cl","3",4,-92.36,1.17,0.3296,0.5817,"hydro",-0.067,0.047,0.17
"Cl","3",4,-92.36,1.17,0.3296,0.5817,"iceout_doy",-0.00079,0.00044,0.076
"Cl","3",4,-92.36,1.17,0.3296,0.5817,"Cl_dep_2000_2009",0.014,0.0035,0.00084
"Cl","2x",4,-91.41,2.12,0.295,0.587,"(Intercept)",0.13,0.17,0.43
"Cl","2x",4,-91.41,2.12,0.295,0.587,"iceout_doy:Cl_dep_2000_2009",-4.1e-05,4.2e-05,0.32
"Cl","2x",4,-91.41,2.12,0.295,0.587,"iceout_doy",-6.3e-05,0.00085,0.94
"Cl","2x",4,-91.41,2.12,0.295,0.587,"Cl_dep_2000_2009",0.023,0.0086,0.016
"Cl","1",2,-91.39,2.14,0.2793,0.5848,"(Intercept)",0.12,0.054,0.023
"Cl","1",2,-91.39,2.14,0.2793,0.5848,"Cl_dep_2000_2009",0.015,0.0037,7e-04
"Cl","2",3,-91.27,2.26000000000001,0.3135,0.5868,"(Intercept)",0.29,0.13,0.025
"Cl","2",3,-91.27,2.26000000000001,0.3135,0.5868,"Cl_dep_2000_2009",0.014,0.0036,0.0013
"Cl","2",3,-91.27,2.26000000000001,0.3135,0.5868,"hydro",-0.07,0.049,0.17
"Cl","2",3,-89.91,3.62,0.2807,0.587,"(Intercept)",0.1,0.059,0.077
"Cl","2",3,-89.91,3.62,0.2807,0.587,"Cl_dep_2000_2009",0.015,0.0037,0.00073
"Cl","2",3,-89.91,3.62,0.2807,0.587,"days_since_iceout",0.00036,0.00047,0.45
"Cl","3",4,-89.83,3.7,0.3154,0.5887,"(Intercept)",0.27,0.13,0.037
"Cl","3",4,-89.83,3.7,0.3154,0.5887,"hydro",-0.071,0.049,0.17
"Cl","3",4,-89.83,3.7,0.3154,0.5887,"days_since_iceout",0.00038,0.00047,0.42
"Cl","3",4,-89.83,3.7,0.3154,0.5887,"Cl_dep_2000_2009",0.014,0.0036,0.0014
"Cl","2x",4,-89.04,4.48999999999999,0.2833,0.5912,"(Intercept)",0.15,0.07,0.039
"Cl","2x",4,-89.04,4.48999999999999,0.2833,0.5912,"days_since_iceout:Cl_dep_2000_2009",4.9e-05,4.5e-05,0.28
"Cl","2x",4,-89.04,4.48999999999999,0.2833,0.5912,"days_since_iceout",-0.00047,9e-04,0.6
"Cl","2x",4,-89.04,4.48999999999999,0.2833,0.5912,"Cl_dep_2000_2009",0.012,0.0043,0.0098
"Cl","2",3,-84.58,8.95,0.09846,0.6026,"(Intercept)",0.6,0.15,8e-05
"Cl","2",3,-84.58,8.95,0.09846,0.6026,"hydro",-0.11,0.063,0.1
"Cl","2",3,-84.58,8.95,0.09846,0.6026,"SWE",-0.00047,0.00022,0.035
"Cl","1",2,-83.9,9.63,0.01645,0.601,"(Intercept)",0.37,0.056,9.8e-10
"Cl","1",2,-83.9,9.63,0.01645,0.601,"SWE",-0.00048,0.00022,0.031
"Clad","3",4,2620,0,0.02419,0.02419,"(Intercept)",1400,2700,0.61
"Clad","3",4,2620,0,0.02419,0.02419,"Chl",76,830,0.93
"Clad","3",4,2620,0,0.02419,0.02419,"Ca",-280,210,0.19
"Clad","3",4,2620,0,0.02419,0.02419,"Watertemp",190,180,0.28
"Cond","1",2,1848,0,0.009203,0.1527,"(Intercept)",88,38,0.02
"Cond","1",2,1848,0,0.009203,0.1527,"iceout_doy",-0.24,0.2,0.21
"Cond","1",2,1849,1,0.007388,0.1537,"(Intercept)",49,12,1e-04
"Cond","1",2,1849,1,0.007388,0.1537,"volume",-7.8e-05,1e-04,0.45
"Cond","1",2,1849,1,0.002317,0.1465,"(Intercept)",51,17,0.0026
"Cond","1",2,1849,1,0.002317,0.1465,"SWE",-0.054,0.092,0.56
"Cond","2",3,1850,2,0.01759,0.1521,"(Intercept)",97,39,0.014
"Cond","2",3,1850,2,0.01759,0.1521,"iceout_doy",-0.25,0.2,0.2
"Cond","2",3,1850,2,0.01759,0.1521,"volume",-8.4e-05,1e-04,0.41
"Cond","1",2,1850,2,0.001865,0.1545,"(Intercept)",54,31,0.083
"Cond","1",2,1850,2,0.001865,0.1545,"hydro",-5,13,0.71
"Cond","1",2,1850,2,0.0001582,0.1543,"(Intercept)",45,14,0.0019
"Cond","1",2,1850,2,0.0001582,0.1543,"days_since_iceout",-0.036,0.21,0.87
"Cond","2",3,1850,2,0.0108,0.1536,"(Intercept)",97,47,0.039
"Cond","2",3,1850,2,0.0108,0.1536,"iceout_doy",-0.24,0.2,0.22
"Cond","2",3,1850,2,0.0108,0.1536,"hydro",-4.2,13,0.75
"Cond","2x",4,1851,3,0.02205,0.1525,"(Intercept)",130,51,0.015
"Cond","2x",4,1851,3,0.02205,0.1525,"iceout_doy",-0.41,0.27,0.13
"Cond","2x",4,1851,3,0.02205,0.1525,"volume",-0.00036,0.00034,0.3
"Cond","2x",4,1851,3,0.02205,0.1525,"iceout_doy:volume",1.5e-06,1.8e-06,0.39
"Cond","2",3,1851,3,0.009483,0.1474,"(Intercept)",57,18,0.0022
"Cond","2",3,1851,3,0.009483,0.1474,"volume",-7.4e-05,1e-04,0.47
"Cond","2",3,1851,3,0.009483,0.1474,"SWE",-0.05,0.093,0.59
"Cond","2",3,1851,3,0.01056,0.1543,"(Intercept)",65,33,0.052
"Cond","2",3,1851,3,0.01056,0.1543,"volume",-8.7e-05,1e-04,0.41
"Cond","2",3,1851,3,0.01056,0.1543,"hydro",-6.8,13,0.62
"Cond","2",3,1851,3,0.007513,0.154,"(Intercept)",51,16,0.0023
"Cond","2",3,1851,3,0.007513,0.154,"volume",-7.9e-05,1e-04,0.45
"Cond","2",3,1851,3,0.007513,0.154,"days_since_iceout",-0.036,0.21,0.87
"Cond","2",3,1851,3,0.004005,0.1473,"(Intercept)",61,33,0.066
"Cond","2",3,1851,3,0.004005,0.1473,"SWE",-0.053,0.093,0.57
"Cond","2",3,1851,3,0.004005,0.1473,"hydro",-4.7,13,0.73
"Cond","3",4,1851,3,0.02049,0.1532,"(Intercept)",110,48,0.024
"Cond","3",4,1851,3,0.02049,0.1532,"hydro",-6.1,13,0.65
"Cond","3",4,1851,3,0.02049,0.1532,"volume",-9.2e-05,1e-04,0.37
"Cond","3",4,1851,3,0.02049,0.1532,"iceout_doy",-0.25,0.2,0.21
"Cond","2",3,1852,4,0.001983,0.1549,"(Intercept)",55,32,0.09
"Cond","2",3,1852,4,0.001983,0.1549,"hydro",-4.9,13,0.72
"Cond","2",3,1852,4,0.001983,0.1549,"days_since_iceout",-0.031,0.21,0.88
"Cond","2x",4,1852,4,0.01228,0.1567,"(Intercept)",44,130,0.73
"Cond","2x",4,1852,4,0.01228,0.1567,"iceout_doy:hydro",-0.14,0.3,0.65
"Cond","2x",4,1852,4,0.01228,0.1567,"hydro",21,58,0.72
"Cond","2x",4,1852,4,0.01228,0.1567,"iceout_doy",0.049,0.67,0.94
"Cond","3",4,1853,5,0.01243,0.1485,"(Intercept)",71,35,0.043
"Cond","3",4,1853,5,0.01243,0.1485,"volume",-8.3e-05,1e-04,0.43
"Cond","3",4,1853,5,0.01243,0.1485,"hydro",-6.4,13,0.63
"Cond","3",4,1853,5,0.01243,0.1485,"SWE",-0.048,0.093,0.61
"Cond","2x",4,1853,5,0.009504,0.1473,"(Intercept)",57,22,0.012
"Cond","2x",4,1853,5,0.009504,0.1473,"volume",-7.7e-05,0.00019,0.7
"Cond","2x",4,1853,5,0.009504,0.1473,"SWE",-0.052,0.13,0.69
"Cond","2x",4,1853,5,0.009504,0.1473,"SWE:volume",2.2e-08,1.1e-06,0.98
"Cond","3",4,1853,5,0.01064,0.1546,"(Intercept)",66,35,0.057
"Cond","3",4,1853,5,0.01064,0.1546,"volume",-8.7e-05,1e-04,0.41
"Cond","3",4,1853,5,0.01064,0.1546,"hydro",-6.7,13,0.62
"Cond","3",4,1853,5,0.01064,0.1546,"days_since_iceout",-0.03,0.21,0.89
"Cond","2x",4,1853,5,0.007546,0.1544,"(Intercept)",52,19,0.0073
"Cond","2x",4,1853,5,0.007546,0.1544,"volume",-8.4e-05,0.00013,0.54
"Cond","2x",4,1853,5,0.007546,0.1544,"days_since_iceout",-0.048,0.29,0.87
"Cond","2x",4,1853,5,0.007546,0.1544,"days_since_iceout:volume",1.1e-07,1.8e-06,0.95
"Cond","2x",4,1853,5,0.004694,0.1451,"(Intercept)",47,60,0.43
"Cond","2x",4,1853,5,0.004694,0.1451,"hydro",1.8,26,0.95
"Cond","2x",4,1853,5,0.004694,0.1451,"SWE:hydro",-0.04,0.14,0.78
"Cond","2x",4,1853,5,0.004694,0.1451,"SWE",0.034,0.33,0.92
"Cond","2x",4,1854,6,0.002076,0.1553,"(Intercept)",59,45,0.19
"Cond","2x",4,1854,6,0.002076,0.1553,"hydro",-6.8,20,0.74
"Cond","2x",4,1854,6,0.002076,0.1553,"days_since_iceout",-0.12,0.72,0.87
"Cond","2x",4,1854,6,0.002076,0.1553,"days_since_iceout:hydro",0.041,0.32,0.9
"Cope","3",4,2456,0,0.09534,0.6878,"(Intercept)",2800,2100,0.18
"Cope","3",4,2456,0,0.09534,0.6878,"Ca",84,260,0.75
"Cope","3",4,2456,0,0.09534,0.6878,"Watertemp",-23,100,0.82
"Cope","3",4,2456,0,0.09534,0.6878,"Chl",2000,420,6.2e-06
"DO","3",4,536,0,0.1663,0.1663,"(Intercept)",11,0.51,6.5e-42
"DO","3",4,536,0,0.1663,0.1663,"Watertemp",-0.15,0.038,0.00021
"DO","3",4,536,0,0.1663,0.1663,"days_since_iceout",-0.011,0.0058,0.067
"DO","3",4,536,0,0.1663,0.1663,"Chl",0.22,0.17,0.21
"DO","3",4,536.9,0.899999999999977,0.1607,0.1607,"(Intercept)",10,0.69,4e-28
"DO","3",4,536.9,0.899999999999977,0.1607,0.1607,"Watertemp",-0.16,0.037,4.3e-05
"DO","3",4,536.9,0.899999999999977,0.1607,0.1607,"SWE",0.0037,0.0023,0.11
"DO","3",4,536.9,0.899999999999977,0.1607,0.1607,"Chl",0.24,0.18,0.18
"DO","2",3,537.4,1.39999999999998,0.144,0.144,"(Intercept)",11,0.5,4.9e-42
"DO","2",3,537.4,1.39999999999998,0.144,0.144,"Watertemp",-0.17,0.036,9.1e-06
"DO","2",3,537.4,1.39999999999998,0.144,0.144,"Chl",0.18,0.17,0.3
"DO","3",4,538.4,2.39999999999998,0.1508,0.1508,"(Intercept)",9.5,1.7,1e-07
"DO","3",4,538.4,2.39999999999998,0.1508,0.1508,"Chl",0.21,0.18,0.24
"DO","3",4,538.4,2.39999999999998,0.1508,0.1508,"iceout_doy",0.0064,0.0063,0.31
"DO","3",4,538.4,2.39999999999998,0.1508,0.1508,"Watertemp",-0.14,0.047,0.0034
"DO","2",3,545.3,9.29999999999995,0.09119,0.09119,"(Intercept)",5.4,0.98,2.6e-07
"DO","2",3,545.3,9.29999999999995,0.09119,0.09119,"iceout_doy",0.018,0.0051,0.00049
"DO","2",3,545.3,9.29999999999995,0.09119,0.09119,"Chl",0.18,0.18,0.31
"ice_out_doy","1",2,1708,0,0.03856,0.07742,"(Intercept)",170,6.7,8.7e-58
"ice_out_doy","1",2,1708,0,0.03856,0.07742,"solar_dec",0.044,0.019,0.032
"ice_out_doy","2",3,1709,1,0.04437,0.0784,"(Intercept)",170,6.8,1.6e-57
"ice_out_doy","2",3,1709,1,0.04437,0.0784,"solar_dec",0.047,0.019,0.025
"ice_out_doy","2",3,1709,1,0.04437,0.0784,"volume",-2.9e-05,3e-05,0.35
"ice_out_doy","2",3,1709,1,0.04312,0.07706,"(Intercept)",160,18,4.6e-16
"ice_out_doy","2",3,1709,1,0.04312,0.07706,"solar_dec",0.038,0.021,0.082
"ice_out_doy","2",3,1709,1,0.04312,0.07706,"Elevation_m",0.0098,0.012,0.43
"ice_out_doy","2",3,1710,2,0.03856,0.07742,"(Intercept)",170,52,0.0013
"ice_out_doy","2",3,1710,2,0.03856,0.07742,"solar_dec",0.044,0.022,0.06
"ice_out_doy","2",3,1710,2,0.03856,0.07742,"solar_jas",0.00036,0.012,0.98
"ice_out_doy","1",2,1711,3,0.01909,0.07258,"(Intercept)",160,19,1.6e-14
"ice_out_doy","1",2,1711,3,0.01909,0.07258,"Elevation_m",0.018,0.012,0.14
"ice_out_doy","3",4,1711,3,0.04632,0.07796,"(Intercept)",160,19,5.3e-15
"ice_out_doy","3",4,1711,3,0.04632,0.07796,"solar_dec",0.042,0.021,0.064
"ice_out_doy","3",4,1711,3,0.04632,0.07796,"volume",-2.3e-05,3.2e-05,0.47
"ice_out_doy","3",4,1711,3,0.04632,0.07796,"Elevation_m",0.0067,0.013,0.61
"ice_out_doy","3",4,1711,3,0.04499,0.07853,"(Intercept)",190,55,0.00065
"ice_out_doy","3",4,1711,3,0.04499,0.07853,"volume",-3.2e-05,3.2e-05,0.32
"ice_out_doy","3",4,1711,3,0.04499,0.07853,"solar_jas",-0.0039,0.012,0.75
"ice_out_doy","3",4,1711,3,0.04499,0.07853,"solar_dec",0.051,0.023,0.039
"ice_out_doy","3",4,1711,3,0.04397,0.07705,"(Intercept)",180,52,0.00079
"ice_out_doy","3",4,1711,3,0.04397,0.07705,"Elevation_m",0.012,0.013,0.39
"ice_out_doy","3",4,1711,3,0.04397,0.07705,"solar_jas",-0.0044,0.013,0.73
"ice_out_doy","3",4,1711,3,0.04397,0.07705,"solar_dec",0.041,0.022,0.082
"ice_out_doy","1",2,1712,4,0.009397,0.07372,"(Intercept)",130,52,0.013
"ice_out_doy","1",2,1712,4,0.009397,0.07372,"solar_jas",0.012,0.011,0.31
"ice_out_doy","1",2,1713,5,0.003126,0.07468,"(Intercept)",190,4,1.1e-94
"ice_out_doy","1",2,1713,5,0.003126,0.07468,"volume",-2e-05,3.3e-05,0.55
"ice_out_doy","2",3,1713,5,0.01982,0.07281,"(Intercept)",140,52,0.0061
"ice_out_doy","2",3,1713,5,0.01982,0.07281,"Elevation_m",0.016,0.014,0.26
"ice_out_doy","2",3,1713,5,0.01982,0.07281,"solar_jas",0.0039,0.013,0.76
"ice_out_doy","2",3,1713,5,0.01937,0.07305,"(Intercept)",160,20,4.9e-13
"ice_out_doy","2",3,1713,5,0.01937,0.07305,"Elevation_m",0.018,0.012,0.17
"ice_out_doy","2",3,1713,5,0.01937,0.07305,"volume",-7.1e-06,3.3e-05,0.83
"ice_out_doy","2",3,1714,6,0.01041,0.07449,"(Intercept)",140,55,0.013
"ice_out_doy","2",3,1714,6,0.01041,0.07449,"solar_jas",0.011,0.011,0.36
"ice_out_doy","2",3,1714,6,0.01041,0.07449,"volume",-1.2e-05,3.4e-05,0.72
"ice_out_doy","3",4,1715,7,0.02,0.07317,"(Intercept)",150,54,0.0071
"ice_out_doy","3",4,1715,7,0.02,0.07317,"volume",-6e-06,3.3e-05,0.86
"ice_out_doy","3",4,1715,7,0.02,0.07317,"Elevation_m",0.016,0.014,0.29
"ice_out_doy","3",4,1715,7,0.02,0.07317,"solar_jas",0.0036,0.013,0.78
"K","2x",4,-683,0,0.1957,0.7885,"(Intercept)",0.19,0.015,1.1e-25
"K","2x",4,-683,0,0.1957,0.7885,"SWE",-0.00027,4.8e-05,1.1e-07
"K","2x",4,-683,0,0.1957,0.7885,"graywacke",-7e-04,0.00027,0.016
"K","2x",4,-683,0,0.1957,0.7885,"SWE:graywacke",1.3e-06,8.2e-07,0.12
"K","2",3,-682.6,0.399999999999977,0.1846,0.7835,"(Intercept)",0.18,0.014,3.8e-26
"K","2",3,-682.6,0.399999999999977,0.1846,0.7835,"graywacke",-0.00051,0.00024,0.043
"K","2",3,-682.6,0.399999999999977,0.1846,0.7835,"SWE",-0.00022,3.9e-05,4.8e-08
"K","3",4,-680.6,2.39999999999998,0.1853,0.7824,"(Intercept)",0.18,0.017,6e-20
"K","3",4,-680.6,2.39999999999998,0.1853,0.7824,"volume",5e-08,1.2e-07,0.69
"K","3",4,-680.6,2.39999999999998,0.1853,0.7824,"graywacke",-0.00053,0.00024,0.04
"K","3",4,-680.6,2.39999999999998,0.1853,0.7824,"SWE",-0.00023,3.9e-05,4.9e-08
"K","3",4,-680.6,2.39999999999998,0.189,0.7835,"(Intercept)",0.19,0.039,2e-06
"K","3",4,-680.6,2.39999999999998,0.189,0.7835,"hydro",-0.0063,0.016,0.7
"K","3",4,-680.6,2.39999999999998,0.189,0.7835,"graywacke",-0.00053,0.00024,0.041
"K","3",4,-680.6,2.39999999999998,0.189,0.7835,"SWE",-0.00022,3.9e-05,5.3e-08
"K","1",2,-680.3,2.70000000000005,0.06095,0.7878,"(Intercept)",0.16,0.013,2.7e-25
"K","1",2,-680.3,2.70000000000005,0.06095,0.7878,"SWE",-0.00022,3.9e-05,6.6e-08
"K","2x",4,-679.2,3.79999999999995,0.07016,0.7914,"(Intercept)",0.17,0.018,2.7e-17
"K","2x",4,-679.2,3.79999999999995,0.07016,0.7914,"SWE",-0.00029,5.6e-05,5.7e-07
"K","2x",4,-679.2,3.79999999999995,0.07016,0.7914,"SWE:volume",8e-10,4.6e-10,0.085
"K","2x",4,-679.2,3.79999999999995,0.07016,0.7914,"volume",-1.2e-07,1.5e-07,0.44
"K","2",3,-679.2,3.79999999999995,0.08265,0.7853,"(Intercept)",0.16,0.014,4.3e-22
"K","2",3,-679.2,3.79999999999995,0.08265,0.7853,"SWE",-0.00022,3.9e-05,6.3e-08
"K","2",3,-679.2,3.79999999999995,0.08265,0.7853,"andesite",3e-04,0.00031,0.35
"K","2",3,-678.2,4.79999999999995,0.0609,0.7878,"(Intercept)",0.16,0.041,8.8e-05
"K","2",3,-678.2,4.79999999999995,0.0609,0.7878,"SWE",-0.00022,3.9e-05,7.2e-08
"K","2",3,-678.2,4.79999999999995,0.0609,0.7878,"hydro",0.00018,0.018,0.99
"K","2",3,-678.2,4.79999999999995,0.06088,0.7878,"(Intercept)",0.16,0.017,4.6e-17
"K","2",3,-678.2,4.79999999999995,0.06088,0.7878,"SWE",-0.00022,3.9e-05,7.2e-08
"K","2",3,-678.2,4.79999999999995,0.06088,0.7878,"volume",9.8e-10,1.3e-07,0.99
"K","2x",4,-678.2,4.79999999999995,0.06735,0.7955,"(Intercept)",0.14,0.046,0.0039
"K","2x",4,-678.2,4.79999999999995,0.06735,0.7955,"SWE:hydro",-8.6e-05,6e-05,0.15
"K","2x",4,-678.2,4.79999999999995,0.06735,0.7955,"hydro",0.014,0.02,0.5
"K","2x",4,-678.2,4.79999999999995,0.06735,0.7955,"SWE",-3.7e-05,0.00013,0.78
"K","2x",4,-677.5,5.5,0.08154,0.7856,"(Intercept)",0.16,0.014,7.1e-21
"K","2x",4,-677.5,5.5,0.08154,0.7856,"SWE",-0.00021,4.4e-05,5.1e-06
"K","2x",4,-677.5,5.5,0.08154,0.7856,"andesite",0.00041,0.00035,0.26
"K","2x",4,-677.5,5.5,0.08154,0.7856,"SWE:andesite",-7e-07,1e-06,0.5
"K","3",4,-677.1,5.89999999999998,0.08277,0.785,"(Intercept)",0.15,0.042,0.00042
"K","3",4,-677.1,5.89999999999998,0.08277,0.785,"SWE",-0.00022,3.9e-05,6.7e-08
"K","3",4,-677.1,5.89999999999998,0.08277,0.785,"andesite",0.00031,0.00031,0.34
"K","3",4,-677.1,5.89999999999998,0.08277,0.785,"hydro",0.0035,0.018,0.85
"K","3",4,-677.1,5.89999999999998,0.08476,0.7856,"(Intercept)",0.16,0.018,2.6e-16
"K","3",4,-677.1,5.89999999999998,0.08476,0.7856,"SWE",-0.00022,3.9e-05,7e-08
"K","3",4,-677.1,5.89999999999998,0.08476,0.7856,"andesite",3e-04,0.00031,0.34
"K","3",4,-677.1,5.89999999999998,0.08476,0.7856,"volume",-1.8e-08,1.3e-07,0.9
"K","3",4,-676.1,6.89999999999998,0.06081,0.7878,"(Intercept)",0.16,0.045,0.00031
"K","3",4,-676.1,6.89999999999998,0.06081,0.7878,"SWE",-0.00022,3.9e-05,7.8e-08
"K","3",4,-676.1,6.89999999999998,0.06081,0.7878,"hydro",2e-04,0.018,0.99
"K","3",4,-676.1,6.89999999999998,0.06081,0.7878,"volume",1.2e-09,1.4e-07,0.99
"K","2",3,-673.3,9.70000000000005,0.1634,0.7542,"(Intercept)",0.21,0.019,1.6e-21
"K","2",3,-673.3,9.70000000000005,0.1634,0.7542,"graywacke",-0.00046,0.00023,0.057
"K","2",3,-673.3,9.70000000000005,0.1634,0.7542,"iceout_doy",-0.00038,8e-05,5.3e-06
"K","2x",4,-673,10,0.04853,0.7603,"(Intercept)",0.23,0.025,2.1e-16
"K","2x",4,-673,10,0.04853,0.7603,"iceout_doy",-0.00055,0.00011,1e-06
"K","2x",4,-673,10,0.04853,0.7603,"volume",-3.3e-07,1.8e-07,0.082
"K","2x",4,-673,10,0.04853,0.7603,"iceout_doy:volume",1.7e-09,7.1e-10,0.019
"K","2x",4,-673,10,0.04853,0.7603,"(Intercept)",0.23,0.025,2.1e-16
"K","2x",4,-673,10,0.04853,0.7603,"iceout_doy",-0.00055,0.00011,1e-06
"K","2x",4,-673,10,0.04853,0.7603,"volume",-3.3e-07,1.8e-07,0.082
"K","2x",4,-673,10,0.04853,0.7603,"volume:iceout_doy",1.7e-09,7.1e-10,0.019
"K","2x",4,-673,10,0.1705,0.7538,"(Intercept)",0.23,0.023,2.2e-18
"K","2x",4,-673,10,0.1705,0.7538,"iceout_doy",-0.00047,0.00011,1.8e-05
"K","2x",4,-673,10,0.1705,0.7538,"graywacke",-0.00087,0.00038,0.033
"K","2x",4,-673,10,0.1705,0.7538,"iceout_doy:graywacke",2.2e-06,1.6e-06,0.18
"K","2x",4,-673,10,0.05241,0.7536,"(Intercept)",0.09,0.062,0.15
"K","2x",4,-673,10,0.05241,0.7536,"iceout_doy:hydro",-0.00029,0.00012,0.019
"K","2x",4,-673,10,0.05241,0.7536,"hydro",0.053,0.028,0.073
"K","2x",4,-673,10,0.05241,0.7536,"iceout_doy",0.00023,0.00027,0.39
"K","2x",4,-673,10,0.05241,0.7536,"(Intercept)",0.09,0.062,0.15
"K","2x",4,-673,10,0.05241,0.7536,"iceout_doy",0.00023,0.00027,0.39
"K","2x",4,-673,10,0.05241,0.7536,"hydro:iceout_doy",-0.00029,0.00012,0.019
"K","2x",4,-673,10,0.05241,0.7536,"hydro",0.053,0.028,0.073
"log10Chl","3",4,82.86,0,0.2491,0.4132,"(Intercept)",0.97,0.84,0.25
"log10Chl","3",4,82.86,0,0.2491,0.4132,"TDN",4.5,1.1,4e-05
"log10Chl","3",4,82.86,0,0.2491,0.4132,"solar_jas",-0.00038,0.00018,0.046
"log10Chl","3",4,82.86,0,0.2491,0.4132,"Watertemp",0.0094,0.0081,0.25
"log10Chl","3",4,84.47,1.61,0.1708,0.4349,"(Intercept)",-0.8,0.11,6.7e-11
"log10Chl","3",4,84.47,1.61,0.1708,0.4349,"TDN",3.7,1.2,0.0023
"log10Chl","3",4,84.47,1.61,0.1708,0.4349,"days_since_iceout",0.0017,0.0011,0.11
"log10Chl","3",4,84.47,1.61,0.1708,0.4349,"Watertemp",0.0022,0.0085,0.8
"log10Chl","3",4,84.83,1.97,0.2447,0.4431,"(Intercept)",-0.62,0.16,0.00023
"log10Chl","3",4,84.83,1.97,0.2447,0.4431,"TDN",4.1,1.1,0.00024
"log10Chl","3",4,84.83,1.97,0.2447,0.4431,"solar_dec",-0.00052,0.00036,0.16
"log10Chl","3",4,84.83,1.97,0.2447,0.4431,"Watertemp",0.0073,0.0081,0.37
"log10Chl","2",3,84.86,2,0.1911,0.4238,"(Intercept)",-0.8,0.11,4.5e-11
"log10Chl","2",3,84.86,2,0.1911,0.4238,"TDN",4.4,1.1,7.9e-05
"log10Chl","2",3,84.86,2,0.1911,0.4238,"Watertemp",0.0065,0.0082,0.43
"log10Chl","3",4,85.36,2.5,0.2041,0.4412,"(Intercept)",-0.78,0.11,1.1e-10
"log10Chl","3",4,85.36,2.5,0.2041,0.4412,"TDN",4.7,1.1,4.2e-05
"log10Chl","3",4,85.36,2.5,0.2041,0.4412,"TDP",-22,17,0.21
"log10Chl","3",4,85.36,2.5,0.2041,0.4412,"Watertemp",0.0077,0.0082,0.35
"log10Chl","3",4,85.76,2.90000000000001,0.1783,0.4227,"(Intercept)",-0.45,0.33,0.17
"log10Chl","3",4,85.76,2.90000000000001,0.1783,0.4227,"TDN",3.8,1.2,0.0018
"log10Chl","3",4,85.76,2.90000000000001,0.1783,0.4227,"iceout_doy",-0.0013,0.0012,0.27
"log10Chl","3",4,85.76,2.90000000000001,0.1783,0.4227,"Watertemp",0.00099,0.0095,0.92
"log10Chl","3",4,86.86,4,0.1967,0.4289,"(Intercept)",-0.84,0.16,8.7e-07
"log10Chl","3",4,86.86,4,0.1967,0.4289,"Watertemp",0.007,0.0083,0.4
"log10Chl","3",4,86.86,4,0.1967,0.4289,"SWE",0.00018,0.00049,0.72
"log10Chl","3",4,86.86,4,0.1967,0.4289,"TDN",4.6,1.2,0.00022
"log10Chl","2x",4,89.55,6.69,0.101,0.4312,"(Intercept)",-0.55,0.16,0.00054
"log10Chl","2x",4,89.55,6.69,0.101,0.4312,"days_since_iceout:Watertemp",0.00042,0.00021,0.045
"log10Chl","2x",4,89.55,6.69,0.101,0.4312,"Watertemp",-0.01,0.012,0.39
"log10Chl","2x",4,89.55,6.69,0.101,0.4312,"days_since_iceout",-0.0026,0.003,0.39
"log10Chl","3",4,90.13,7.27,0.1545,0.4383,"(Intercept)",-0.52,0.18,0.0041
"log10Chl","3",4,90.13,7.27,0.1545,0.4383,"solar_dec",-0.00077,4e-04,0.068
"log10Chl","3",4,90.13,7.27,0.1545,0.4383,"days_since_iceout",0.0031,0.001,0.0028
"log10Chl","3",4,90.13,7.27,0.1545,0.4383,"Watertemp",0.0072,0.0084,0.4
"log10Chl","2x",4,91.36,8.5,0.1031,0.4117,"(Intercept)",-1.1,0.64,0.08
"log10Chl","2x",4,91.36,8.5,0.1031,0.4117,"iceout_doy:Watertemp",-0.00037,0.00018,0.043
"log10Chl","2x",4,91.36,8.5,0.1031,0.4117,"iceout_doy",0.0024,0.0029,0.41
"log10Chl","2x",4,91.36,8.5,0.1031,0.4117,"Watertemp",0.08,0.039,0.045
"log10Chl","2",3,91.55,8.69,0.07154,0.4355,"(Intercept)",-0.76,0.12,2.4e-09
"log10Chl","2",3,91.55,8.69,0.07154,0.4355,"days_since_iceout",0.0032,0.001,0.002
"log10Chl","2",3,91.55,8.69,0.07154,0.4355,"Watertemp",0.0058,0.0085,0.5
"log10Chl","3",4,91.65,8.79000000000001,0.1098,0.4204,"(Intercept)",0.74,1,0.48
"log10Chl","3",4,91.65,8.79000000000001,0.1098,0.4204,"days_since_iceout",0.0031,0.001,0.0029
"log10Chl","3",4,91.65,8.79000000000001,0.1098,0.4204,"solar_jas",-0.00032,0.00022,0.16
"log10Chl","3",4,91.65,8.79000000000001,0.1098,0.4204,"Watertemp",0.0086,0.0085,0.32
"log10Chl","3",4,92.32,9.45999999999999,0.1515,0.4119,"(Intercept)",0.21,0.32,0.53
"log10Chl","3",4,92.32,9.45999999999999,0.1515,0.4119,"solar_dec",-0.00071,0.00038,0.08
"log10Chl","3",4,92.32,9.45999999999999,0.1515,0.4119,"iceout_doy",-0.0029,0.0011,0.011
"log10Chl","3",4,92.32,9.45999999999999,0.1515,0.4119,"Watertemp",0.0033,0.0097,0.73
"log10Clad","3",4,282.5,0,0.2613,0.7765,"(Intercept)",0.1,0.3,0.73
"log10Clad","3",4,282.5,0,0.2613,0.7765,"Watertemp",0.096,0.019,1.8e-06
"log10Clad","3",4,282.5,0,0.2613,0.7765,"days_since_iceout",0.011,0.0023,2.3e-06
"log10Clad","3",4,282.5,0,0.2613,0.7765,"Chl",0.061,0.07,0.38
"log10Clad","3",4,283.7,1.19999999999999,0.2813,0.7723,"(Intercept)",3.1,0.69,2.1e-05
"log10Clad","3",4,283.7,1.19999999999999,0.2813,0.7723,"iceout_doy",-0.011,0.0024,5e-06
"log10Clad","3",4,283.7,1.19999999999999,0.2813,0.7723,"Watertemp",0.077,0.022,6e-04
"log10Clad","3",4,283.7,1.19999999999999,0.2813,0.7723,"Chl",0.061,0.071,0.39
"log10Clad","3",4,291.9,9.39999999999998,0.2609,0.7625,"(Intercept)",1.1,0.41,0.0092
"log10Clad","3",4,291.9,9.39999999999998,0.2609,0.7625,"Watertemp",0.11,0.019,6.1e-08
"log10Clad","3",4,291.9,9.39999999999998,0.2609,0.7625,"SWE",-0.0039,0.001,0.00031
"log10Clad","3",4,291.9,9.39999999999998,0.2609,0.7625,"Chl",0.064,0.074,0.38
"log10Cope","3",4,199.8,0,0.08145,0.7112,"(Intercept)",3.2,0.21,3.5e-28
"log10Cope","3",4,199.8,0,0.08145,0.7112,"days_since_iceout",-0.0083,0.0016,1.9e-06
"log10Cope","3",4,199.8,0,0.08145,0.7112,"Chl",0.062,0.051,0.22
"log10Cope","3",4,199.8,0,0.08145,0.7112,"Watertemp",0.013,0.014,0.34
"log10Cope","3",4,205.8,6,0.05401,0.7289,"(Intercept)",1.3,0.51,0.011
"log10Cope","3",4,205.8,6,0.05401,0.7289,"iceout_doy",0.0074,0.0017,3.7e-05
"log10Cope","3",4,205.8,6,0.05401,0.7289,"Watertemp",0.022,0.016,0.17
"log10Cope","3",4,205.8,6,0.05401,0.7289,"Chl",0.055,0.051,0.29
"log10Rot","3",4,368.3,0,0.1519,0.6772,"(Intercept)",1.1,0.48,0.02
"log10Rot","3",4,368.3,0,0.1519,0.6772,"Watertemp",0.11,0.024,1.4e-05
"log10Rot","3",4,368.3,0,0.1519,0.6772,"Ca",0.053,0.059,0.37
"log10Rot","3",4,368.3,0,0.1519,0.6772,"Chl",0.16,0.1,0.11
"log10Rot","2",3,368.6,0.300000000000011,0.1493,0.6587,"(Intercept)",1.3,0.39,0.0011
"log10Rot","2",3,368.6,0.300000000000011,0.1493,0.6587,"Watertemp",0.12,0.024,4e-06
"log10Rot","2",3,368.6,0.300000000000011,0.1493,0.6587,"Chl",0.17,0.1,0.092
"log10Rot","3",4,368.7,0.399999999999977,0.1369,0.6715,"(Intercept)",2.6,0.97,0.0079
"log10Rot","3",4,368.7,0.399999999999977,0.1369,0.6715,"Chl",0.14,0.1,0.16
"log10Rot","3",4,368.7,0.399999999999977,0.1369,0.6715,"iceout_doy",-0.0049,0.0034,0.15
"log10Rot","3",4,368.7,0.399999999999977,0.1369,0.6715,"Watertemp",0.087,0.031,0.0052
"log10Rot","3",4,369.4,1.09999999999997,0.1301,0.6739,"(Intercept)",1.4,0.4,0.00094
"log10Rot","3",4,369.4,1.09999999999997,0.1301,0.6739,"Chl",0.15,0.1,0.15
"log10Rot","3",4,369.4,1.09999999999997,0.1301,0.6739,"days_since_iceout",0.0038,0.0033,0.24
"log10Rot","3",4,369.4,1.09999999999997,0.1301,0.6739,"Watertemp",0.1,0.027,0.00036
"log10Rot","3",4,370.3,2,0.1375,0.6672,"(Intercept)",1.6,0.55,0.0044
"log10Rot","3",4,370.3,2,0.1375,0.6672,"Chl",0.15,0.1,0.13
"log10Rot","3",4,370.3,2,0.1375,0.6672,"SWE",-0.00096,0.0014,0.51
"log10Rot","3",4,370.3,2,0.1375,0.6672,"Watertemp",0.11,0.026,8.1e-05
"Mg","2x",4,-242,0,0.025,0.9045,"(Intercept)",0.77,0.11,3.4e-11
"Mg","2x",4,-242,0,0.025,0.9045,"iceout_doy",-0.002,0.00034,5.1e-08
"Mg","2x",4,-242,0,0.025,0.9045,"volume",-1.7e-06,8.1e-07,0.052
"Mg","2x",4,-242,0,0.025,0.9045,"iceout_doy:volume",8.2e-09,2.3e-09,0.00042
"Mg","2x",4,-242,0,0.025,0.9045,"(Intercept)",0.77,0.11,3.4e-11
"Mg","2x",4,-242,0,0.025,0.9045,"iceout_doy",-0.002,0.00034,5.1e-08
"Mg","2x",4,-242,0,0.025,0.9045,"volume",-1.7e-06,8.1e-07,0.052
"Mg","2x",4,-242,0,0.025,0.9045,"volume:iceout_doy",8.2e-09,2.3e-09,0.00042
"Mg","2x",4,-238.4,3.59999999999999,0.09187,0.9047,"(Intercept)",0.43,0.26,0.1
"Mg","2x",4,-238.4,3.59999999999999,0.09187,0.9047,"hydro:iceout_doy",-0.0011,0.00039,0.0063
"Mg","2x",4,-238.4,3.59999999999999,0.09187,0.9047,"iceout_doy",0.0012,0.00087,0.18
"Mg","2x",4,-238.4,3.59999999999999,0.09187,0.9047,"hydro",0.084,0.12,0.48
"Mg","2x",4,-238.4,3.59999999999999,0.09187,0.9047,"(Intercept)",0.43,0.26,0.1
"Mg","2x",4,-238.4,3.59999999999999,0.09187,0.9047,"hydro",0.084,0.12,0.48
"Mg","2x",4,-238.4,3.59999999999999,0.09187,0.9047,"iceout_doy:hydro",-0.0011,0.00039,0.0063
"Mg","2x",4,-238.4,3.59999999999999,0.09187,0.9047,"iceout_doy",0.0012,0.00087,0.18
"Mg","2x",4,-234.2,7.80000000000001,0.02642,0.899,"(Intercept)",0.53,0.09,2.3e-08
"Mg","2x",4,-234.2,7.80000000000001,0.02642,0.899,"SWE",-9e-04,0.00019,4e-06
"Mg","2x",4,-234.2,7.80000000000001,0.02642,0.899,"volume",-7.5e-07,7.4e-07,0.32
"Mg","2x",4,-234.2,7.80000000000001,0.02642,0.899,"SWE:volume",4.2e-09,1.5e-09,0.0077
"Mg","1",2,-233.3,8.69999999999999,0.01347,0.8979,"(Intercept)",0.6,0.079,3.3e-12
"Mg","1",2,-233.3,8.69999999999999,0.01347,0.8979,"iceout_doy",-0.0011,0.00026,2.7e-05
"Mg","2x",4,-233,9,0.01599,0.9042,"(Intercept)",0.31,0.091,7e-04
"Mg","2x",4,-233,9,0.01599,0.9042,"days_since_iceout",0.0018,0.00037,4.2e-06
"Mg","2x",4,-233,9,0.01599,0.9042,"days_since_iceout:volume",-7.8e-09,2.4e-09,0.0011
"Mg","2x",4,-233,9,0.01599,0.9042,"volume",2e-07,7.3e-07,0.79
"Mg","2",3,-232.9,9.09999999999999,0.0861,0.8984,"(Intercept)",0.86,0.21,8.6e-05
"Mg","2",3,-232.9,9.09999999999999,0.0861,0.8984,"hydro",-0.12,0.09,0.21
"Mg","2",3,-232.9,9.09999999999999,0.0861,0.8984,"iceout_doy",-0.0011,0.00026,2.9e-05
"Mg","2",3,-232.9,9.09999999999999,0.0861,0.8984,"(Intercept)",0.86,0.21,8.6e-05
"Mg","2",3,-232.9,9.09999999999999,0.0861,0.8984,"hydro",-0.12,0.09,0.21
"Mg","2",3,-232.9,9.09999999999999,0.0861,0.8984,"iceout_doy",-0.0011,0.00026,2.9e-05
"Na","2x",4,-86.61,0,0.08949,0.8097,"(Intercept)",1.4,0.14,2.9e-18
"Na","2x",4,-86.61,0,0.08949,0.8097,"iceout_doy",-0.0036,0.00056,1.4e-09
"Na","2x",4,-86.61,0,0.08949,0.8097,"iceout_doy:volume",1.1e-08,3.7e-09,0.0043
"Na","2x",4,-86.61,0,0.08949,0.8097,"volume",-1.3e-06,1e-06,0.21
"Na","2x",4,-86.61,0,0.08949,0.8097,"(Intercept)",1.4,0.14,2.9e-18
"Na","2x",4,-86.61,0,0.08949,0.8097,"volume:iceout_doy",1.1e-08,3.7e-09,0.0043
"Na","2x",4,-86.61,0,0.08949,0.8097,"volume",-1.3e-06,1e-06,0.21
"Na","2x",4,-86.61,0,0.08949,0.8097,"iceout_doy",-0.0036,0.00056,1.4e-09
"Na","2x",4,-84.94,1.67,0.1272,0.8099,"(Intercept)",0.92,0.34,0.0077
"Na","2x",4,-84.94,1.67,0.1272,0.8099,"iceout_doy",7e-04,0.0014,0.62
"Na","2x",4,-84.94,1.67,0.1272,0.8099,"hydro:iceout_doy",-0.0015,0.00064,0.018
"Na","2x",4,-84.94,1.67,0.1272,0.8099,"hydro",0.16,0.15,0.32
"Na","2x",4,-84.94,1.67,0.1272,0.8099,"(Intercept)",0.92,0.34,0.0077
"Na","2x",4,-84.94,1.67,0.1272,0.8099,"iceout_doy:hydro",-0.0015,0.00064,0.018
"Na","2x",4,-84.94,1.67,0.1272,0.8099,"hydro",0.16,0.15,0.32
"Na","2x",4,-84.94,1.67,0.1272,0.8099,"iceout_doy",7e-04,0.0014,0.62
"Na","2",3,-83.23,3.38,0.1889,0.815,"(Intercept)",0.89,0.077,1.7e-22
"Na","2",3,-83.23,3.38,0.1889,0.815,"andesite",0.0039,0.0017,0.033
"Na","2",3,-83.23,3.38,0.1889,0.815,"SWE",-0.0013,0.00021,1.8e-08
"Na","2x",4,-83.2,3.41,0.1815,0.8091,"(Intercept)",1.1,0.11,1.7e-19
"Na","2x",4,-83.2,3.41,0.1815,0.8091,"iceout_doy",-0.0023,0.00044,7.2e-07
"Na","2x",4,-83.2,3.41,0.1815,0.8091,"andesite",0.007,0.0031,0.034
"Na","2x",4,-83.2,3.41,0.1815,0.8091,"iceout_doy:andesite",-2.2e-05,1.5e-05,0.14
"Na","2",3,-83.05,3.56,0.182,0.8048,"(Intercept)",1.2,0.11,2e-21
"Na","2",3,-83.05,3.56,0.182,0.8048,"andesite",0.0032,0.0017,0.071
"Na","2",3,-83.05,3.56,0.182,0.8048,"iceout_doy",-0.0025,0.00042,2e-08
"Na","2x",4,-82.05,4.56,0.0608,0.8034,"(Intercept)",1.4,0.13,4.4e-20
"Na","2x",4,-82.05,4.56,0.0608,0.8034,"iceout_doy",-0.0033,0.00056,2.1e-08
"Na","2x",4,-82.05,4.56,0.0608,0.8034,"graywacke",-0.0035,0.0022,0.13
"Na","2x",4,-82.05,4.56,0.0608,0.8034,"iceout_doy:graywacke",1.8e-05,8.5e-06,0.036
"Na","3",4,-82.02,4.59,0.2167,0.8055,"(Intercept)",1.4,0.23,1.6e-08
"Na","3",4,-82.02,4.59,0.2167,0.8055,"hydro",-0.096,0.093,0.31
"Na","3",4,-82.02,4.59,0.2167,0.8055,"andesite",0.0029,0.0017,0.1
"Na","3",4,-82.02,4.59,0.2167,0.8055,"iceout_doy",-0.0025,0.00042,2.1e-08
"Na","3",4,-81.98,4.63,0.2196,0.8163,"(Intercept)",1.1,0.23,4.2e-06
"Na","3",4,-81.98,4.63,0.2196,0.8163,"hydro",-0.088,0.096,0.37
"Na","3",4,-81.98,4.63,0.2196,0.8163,"andesite",0.0036,0.0017,0.048
"Na","3",4,-81.98,4.63,0.2196,0.8163,"SWE",-0.0013,0.00021,2.1e-08
"Na","3",4,-81.78,4.83,0.1982,0.8127,"(Intercept)",0.84,0.095,1.8e-15
"Na","3",4,-81.78,4.83,0.1982,0.8127,"volume",5.7e-07,7.2e-07,0.44
"Na","3",4,-81.78,4.83,0.1982,0.8127,"andesite",0.0037,0.0017,0.042
"Na","3",4,-81.78,4.83,0.1982,0.8127,"SWE",-0.0013,0.00021,1.8e-08
"Na","1",2,-81.67,4.94,0.04998,0.8008,"(Intercept)",1.2,0.1,9.2e-24
"Na","1",2,-81.67,4.94,0.04998,0.8008,"iceout_doy",-0.0025,0.00042,1.5e-08
"Na","2x",4,-81.45,5.16,0.1873,0.8163,"(Intercept)",0.88,0.08,2.9e-21
"Na","2x",4,-81.45,5.16,0.1873,0.8163,"SWE",-0.0012,0.00024,1.5e-06
"Na","2x",4,-81.45,5.16,0.1873,0.8163,"andesite",0.0044,0.002,0.035
"Na","2x",4,-81.45,5.16,0.1873,0.8163,"SWE:andesite",-3.1e-06,5.6e-06,0.58
"Na","3",4,-81.35,5.26000000000001,0.1914,0.8043,"(Intercept)",1.1,0.12,4.1e-17
"Na","3",4,-81.35,5.26000000000001,0.1914,0.8043,"volume",4.4e-07,7.1e-07,0.54
"Na","3",4,-81.35,5.26000000000001,0.1914,0.8043,"andesite",0.003,0.0017,0.086
"Na","3",4,-81.35,5.26000000000001,0.1914,0.8043,"iceout_doy",-0.0025,0.00042,2.2e-08
"Na","2",3,-81.27,5.34,0.1162,0.8025,"(Intercept)",1.5,0.23,1.3e-09
"Na","2",3,-81.27,5.34,0.1162,0.8025,"hydro",-0.13,0.097,0.21
"Na","2",3,-81.27,5.34,0.1162,0.8025,"iceout_doy",-0.0025,0.00042,1.6e-08
"Na","2",3,-81.27,5.34,0.1162,0.8025,"(Intercept)",1.5,0.23,1.3e-09
"Na","2",3,-81.27,5.34,0.1162,0.8025,"hydro",-0.13,0.097,0.21
"Na","2",3,-81.27,5.34,0.1162,0.8025,"iceout_doy",-0.0025,0.00042,1.6e-08
"Na","1",2,-80.51,6.09999999999999,0.05528,0.8209,"(Intercept)",0.96,0.078,1.2e-24
"Na","1",2,-80.51,6.09999999999999,0.05528,0.8209,"SWE",-0.0012,0.00021,2.5e-08
"Na","2x",4,-80.43,6.17999999999999,0.1213,0.8261,"(Intercept)",1.1,0.26,9.3e-05
"Na","2x",4,-80.43,6.17999999999999,0.1213,0.8261,"SWE:hydro",-0.00052,0.00033,0.11
"Na","2x",4,-80.43,6.17999999999999,0.1213,0.8261,"hydro",-0.043,0.12,0.72
"Na","2x",4,-80.43,6.17999999999999,0.1213,0.8261,"SWE",-0.00013,0.00073,0.86
"Na","2",3,-80.31,6.3,0.07691,0.8013,"(Intercept)",1.2,0.12,1.3e-17
"Na","2",3,-80.31,6.3,0.07691,0.8013,"iceout_doy",-0.0025,0.00042,1.7e-08
"Na","2",3,-80.31,6.3,0.07691,0.8013,"volume",6.3e-07,7.5e-07,0.41
"Na","2",3,-80.31,6.3,0.07691,0.8013,"(Intercept)",1.2,0.12,1.3e-17
"Na","2",3,-80.31,6.3,0.07691,0.8013,"iceout_doy",-0.0025,0.00042,1.7e-08
"Na","2",3,-80.31,6.3,0.07691,0.8013,"volume",6.3e-07,7.5e-07,0.41
"Na","2x",4,-80.25,6.36,0.08953,0.8193,"(Intercept)",0.94,0.11,1.3e-15
"Na","2x",4,-80.25,6.36,0.08953,0.8193,"SWE",-0.0016,3e-04,3.3e-07
"Na","2x",4,-80.25,6.36,0.08953,0.8193,"SWE:volume",4.2e-09,2.5e-09,0.095
"Na","2x",4,-80.25,6.36,0.08953,0.8193,"volume",1.8e-07,8.6e-07,0.84
"Na","2",3,-79.91,6.7,0.1148,0.8222,"(Intercept)",1.2,0.24,6.6e-07
"Na","2",3,-79.91,6.7,0.1148,0.8222,"SWE",-0.0012,0.00021,2.9e-08
"Na","2",3,-79.91,6.7,0.1148,0.8222,"hydro",-0.13,0.1,0.24
"Na","3",4,-79.63,6.98,0.1316,0.8027,"(Intercept)",1.4,0.25,4.9e-08
"Na","3",4,-79.63,6.98,0.1316,0.8027,"iceout_doy",-0.0025,0.00042,1.8e-08
"Na","3",4,-79.63,6.98,0.1316,0.8027,"hydro",-0.12,0.097,0.25
"Na","3",4,-79.63,6.98,0.1316,0.8027,"volume",4.9e-07,7.4e-07,0.51
"Na","2",3,-79.61,7,0.05017,0.8008,"(Intercept)",1.2,0.11,2.3e-21
"Na","2",3,-79.61,7,0.05017,0.8008,"iceout_doy",-0.0025,0.00042,1.7e-08
"Na","2",3,-79.61,7,0.05017,0.8008,"graywacke",-9.3e-05,0.0015,0.95
"Na","2",3,-79.47,7.14,0.08163,0.8188,"(Intercept)",0.89,0.1,3.6e-15
"Na","2",3,-79.47,7.14,0.08163,0.8188,"SWE",-0.0013,0.00021,2.4e-08
"Na","2",3,-79.47,7.14,0.08163,0.8188,"volume",8e-07,7.9e-07,0.32
"Na","3",4,-79.27,7.34,0.1193,0.8024,"(Intercept)",1.5,0.25,4.9e-09
"Na","3",4,-79.27,7.34,0.1193,0.8024,"hydro",-0.13,0.099,0.2
"Na","3",4,-79.27,7.34,0.1193,0.8024,"iceout_doy",-0.0025,0.00042,1.8e-08
"Na","3",4,-79.27,7.34,0.1193,0.8024,"graywacke",-0.00045,0.0015,0.76
"Na","3",4,-78.57,8.04000000000001,0.1305,0.8203,"(Intercept)",1.1,0.26,1.4e-05
"Na","3",4,-78.57,8.04000000000001,0.1305,0.8203,"SWE",-0.0012,0.00021,2.8e-08
"Na","3",4,-78.57,8.04000000000001,0.1305,0.8203,"hydro",-0.11,0.1,0.29
"Na","3",4,-78.57,8.04000000000001,0.1305,0.8203,"volume",6.7e-07,7.8e-07,0.4
"Na","2",3,-78.5,8.11,0.05516,0.8205,"(Intercept)",0.97,0.09,2.2e-20
"Na","2",3,-78.5,8.11,0.05516,0.8205,"SWE",-0.0012,0.00021,2.7e-08
"Na","2",3,-78.5,8.11,0.05516,0.8205,"graywacke",-0.00038,0.0016,0.81
"Na","3",4,-78.26,8.34999999999999,0.07869,0.8013,"(Intercept)",1.2,0.13,5.8e-17
"Na","3",4,-78.26,8.34999999999999,0.07869,0.8013,"iceout_doy",-0.0025,0.00042,1.9e-08
"Na","3",4,-78.26,8.34999999999999,0.07869,0.8013,"volume",6.6e-07,7.6e-07,0.4
"Na","3",4,-78.26,8.34999999999999,0.07869,0.8013,"graywacke",-0.00032,0.0015,0.83
"Na","2x",4,-78.24,8.37,0.06275,0.8248,"(Intercept)",1,0.094,3.9e-20
"Na","2x",4,-78.24,8.37,0.06275,0.8248,"SWE",-0.0015,0.00026,1.4e-07
"Na","2x",4,-78.24,8.37,0.06275,0.8248,"graywacke",-0.0013,0.0017,0.47
"Na","2x",4,-78.24,8.37,0.06275,0.8248,"SWE:graywacke",6e-06,4.5e-06,0.18
"Na","3",4,-78.05,8.56,0.1181,0.8213,"(Intercept)",1.3,0.25,1.2e-06
"Na","3",4,-78.05,8.56,0.1181,0.8213,"hydro",-0.14,0.1,0.21
"Na","3",4,-78.05,8.56,0.1181,0.8213,"SWE",-0.0012,0.00021,3e-08
"Na","3",4,-78.05,8.56,0.1181,0.8213,"graywacke",-0.00074,0.0016,0.64
"Na","3",4,-77.57,9.04000000000001,0.08323,0.8178,"(Intercept)",0.9,0.11,1.9e-14
"Na","3",4,-77.57,9.04000000000001,0.08323,0.8178,"SWE",-0.0013,0.00021,2.5e-08
"Na","3",4,-77.57,9.04000000000001,0.08323,0.8178,"volume",8.7e-07,8e-07,0.29
"Na","3",4,-77.57,9.04000000000001,0.08323,0.8178,"graywacke",-0.00068,0.0016,0.67
"pH","1",2,269.1,0,0.1388,0.5201,"(Intercept)",7.7,0.14,6e-98
"pH","1",2,269.1,0,0.1388,0.5201,"SWE",-0.0037,0.00064,6e-08
"pH","2",3,270.3,1.19999999999999,0.1632,0.5247,"(Intercept)",7.7,0.16,1.2e-91
"pH","2",3,270.3,1.19999999999999,0.1632,0.5247,"SWE",-0.0037,0.00065,7.2e-08
"pH","2",3,270.3,1.19999999999999,0.1632,0.5247,"graywacke",0.002,0.0022,0.38
"pH","2",3,270.9,1.79999999999995,0.1466,0.5212,"(Intercept)",7.9,0.36,3.9e-48
"pH","2",3,270.9,1.79999999999995,0.1466,0.5212,"SWE",-0.0037,0.00065,6.7e-08
"pH","2",3,270.9,1.79999999999995,0.1466,0.5212,"hydro",-0.076,0.15,0.62
"pH","2",3,271,1.89999999999998,0.1434,0.5219,"(Intercept)",7.8,0.17,2.4e-87
"pH","2",3,271,1.89999999999998,0.1434,0.5219,"SWE",-0.0037,0.00065,7.1e-08
"pH","2",3,271,1.89999999999998,0.1434,0.5219,"volume",-3.4e-07,1.1e-06,0.77
"pH","2",3,271.1,2,0.14,0.5208,"(Intercept)",7.7,0.15,4.7e-95
"pH","2",3,271.1,2,0.14,0.5208,"SWE",-0.0037,0.00065,7e-08
"pH","2",3,271.1,2,0.14,0.5208,"andesite",-3e-04,0.0027,0.91
"pH","2x",4,271.7,2.59999999999997,0.1747,0.5241,"(Intercept)",7.7,0.17,3.6e-86
"pH","2x",4,271.7,2.59999999999997,0.1747,0.5241,"SWE",-0.0041,8e-04,9.4e-07
"pH","2x",4,271.7,2.59999999999997,0.1747,0.5241,"SWE:graywacke",1.2e-05,1.4e-05,0.4
"pH","2x",4,271.7,2.59999999999997,0.1747,0.5241,"graywacke",0.00029,0.003,0.92
"pH","3",4,272.2,3.09999999999997,0.1722,0.5276,"(Intercept)",7.7,0.18,4.5e-85
"pH","3",4,272.2,3.09999999999997,0.1722,0.5276,"SWE",-0.0037,0.00065,9e-08
"pH","3",4,272.2,3.09999999999997,0.1722,0.5276,"graywacke",0.0022,0.0023,0.34
"pH","3",4,272.2,3.09999999999997,0.1722,0.5276,"volume",-5.6e-07,1.1e-06,0.63
"pH","3",4,272.3,3.19999999999999,0.167,0.5253,"(Intercept)",7.8,0.38,5.1e-45
"pH","3",4,272.3,3.19999999999999,0.167,0.5253,"SWE",-0.0037,0.00065,7.9e-08
"pH","3",4,272.3,3.19999999999999,0.167,0.5253,"graywacke",0.0019,0.0023,0.42
"pH","3",4,272.3,3.19999999999999,0.167,0.5253,"hydro",-0.053,0.15,0.73
"pH","2x",4,272.5,3.39999999999998,0.1456,0.5211,"(Intercept)",8.1,0.49,8.7e-35
"pH","2x",4,272.5,3.39999999999998,0.1456,0.5211,"SWE",-0.0051,0.0022,0.024
"pH","2x",4,272.5,3.39999999999998,0.1456,0.5211,"hydro",-0.18,0.22,0.42
"pH","2x",4,272.5,3.39999999999998,0.1456,0.5211,"SWE:hydro",0.00065,0.00099,0.51
"pH","2x",4,272.8,3.69999999999999,0.1467,0.5198,"(Intercept)",7.8,0.16,6.9e-92
"pH","2x",4,272.8,3.69999999999999,0.1467,0.5198,"SWE",-0.0039,0.00073,3e-07
"pH","2x",4,272.8,3.69999999999999,0.1467,0.5198,"andesite",-0.0022,0.0039,0.58
"pH","2x",4,272.8,3.69999999999999,0.1467,0.5198,"SWE:andesite",1.2e-05,1.7e-05,0.5
"pH","3",4,272.8,3.69999999999999,0.1533,0.5237,"(Intercept)",8,0.39,9.6e-45
"pH","3",4,272.8,3.69999999999999,0.1533,0.5237,"SWE",-0.0037,0.00065,8.1e-08
"pH","3",4,272.8,3.69999999999999,0.1533,0.5237,"hydro",-0.085,0.15,0.58
"pH","3",4,272.8,3.69999999999999,0.1533,0.5237,"volume",-4.5e-07,1.2e-06,0.71
"pH","2x",4,272.9,3.79999999999995,0.14,0.5273,"(Intercept)",7.7,0.19,9.2e-79
"pH","2x",4,272.9,3.79999999999995,0.14,0.5273,"SWE",-0.0033,0.00092,0.00045
"pH","2x",4,272.9,3.79999999999995,0.14,0.5273,"SWE:volume",-4.1e-09,7.7e-09,0.59
"pH","2x",4,272.9,3.79999999999995,0.14,0.5273,"volume",2.6e-07,1.6e-06,0.87
"pH","3",4,272.9,3.79999999999995,0.1494,0.5227,"(Intercept)",7.9,0.37,5.2e-46
"pH","3",4,272.9,3.79999999999995,0.1494,0.5227,"SWE",-0.0037,0.00065,8e-08
"pH","3",4,272.9,3.79999999999995,0.1494,0.5227,"hydro",-0.082,0.15,0.6
"pH","3",4,272.9,3.79999999999995,0.1494,0.5227,"andesite",-0.00058,0.0028,0.84
"pH","3",4,273.1,4,0.144,0.5223,"(Intercept)",7.8,0.17,3.5e-86
"pH","3",4,273.1,4,0.144,0.5223,"SWE",-0.0037,0.00065,8.1e-08
"pH","3",4,273.1,4,0.144,0.5223,"volume",-3.3e-07,1.2e-06,0.78
"pH","3",4,273.1,4,0.144,0.5223,"andesite",-0.00019,0.0028,0.94
"pH","2x",4,273.9,4.79999999999995,0.09299,0.5972,"(Intercept)",10,0.9,5e-22
"pH","2x",4,273.9,4.79999999999995,0.09299,0.5972,"iceout_doy",-0.016,0.0043,0.00032
"pH","2x",4,273.9,4.79999999999995,0.09299,0.5972,"hydro",-0.91,0.4,0.036
"pH","2x",4,273.9,4.79999999999995,0.09299,0.5972,"iceout_doy:hydro",0.0045,0.002,0.022
"pH","2x",4,273.9,4.79999999999995,0.09299,0.5972,"(Intercept)",10,0.9,5e-22
"pH","2x",4,273.9,4.79999999999995,0.09299,0.5972,"iceout_doy",-0.016,0.0043,0.00032
"pH","2x",4,273.9,4.79999999999995,0.09299,0.5972,"hydro",-0.91,0.4,0.036
"pH","2x",4,273.9,4.79999999999995,0.09299,0.5972,"hydro:iceout_doy",0.0045,0.002,0.022
"pH","1",2,275.3,6.19999999999999,0.07367,0.5908,"(Intercept)",8.4,0.27,3.8e-65
"pH","1",2,275.3,6.19999999999999,0.07367,0.5908,"iceout_doy",-0.0064,0.0013,2e-06
"pH","2",3,276.3,7.19999999999999,0.1009,0.5902,"(Intercept)",8.3,0.28,7.8e-63
"pH","2",3,276.3,7.19999999999999,0.1009,0.5902,"iceout_doy",-0.0064,0.0013,2e-06
"pH","2",3,276.3,7.19999999999999,0.1009,0.5902,"graywacke",0.0028,0.0027,0.31
"pH","2x",4,276.6,7.5,0.08089,0.5964,"(Intercept)",8.3,0.29,2.5e-60
"pH","2x",4,276.6,7.5,0.08089,0.5964,"iceout_doy",-0.0058,0.0014,3.6e-05
"pH","2x",4,276.6,7.5,0.08089,0.5964,"iceout_doy:andesite",-6.9e-05,4.5e-05,0.13
"pH","2x",4,276.6,7.5,0.08089,0.5964,"andesite",0.0098,0.0085,0.27
"pH","2",3,276.9,7.79999999999995,0.07658,0.5865,"(Intercept)",8.4,0.28,2.2e-63
"pH","2",3,276.9,7.79999999999995,0.07658,0.5865,"iceout_doy",-0.0065,0.0013,1.8e-06
"pH","2",3,276.9,7.79999999999995,0.07658,0.5865,"andesite",-0.0023,0.0033,0.49
"pH","2",3,277,7.89999999999998,0.08085,0.5898,"(Intercept)",8.4,0.3,2e-60
"pH","2",3,277,7.89999999999998,0.08085,0.5898,"iceout_doy",-0.0065,0.0013,2e-06
"pH","2",3,277,7.89999999999998,0.08085,0.5898,"volume",-8.2e-07,1.4e-06,0.56
"pH","2",3,277,7.89999999999998,0.08085,0.5898,"(Intercept)",8.4,0.3,2e-60
"pH","2",3,277,7.89999999999998,0.08085,0.5898,"iceout_doy",-0.0065,0.0013,2e-06
"pH","2",3,277,7.89999999999998,0.08085,0.5898,"volume",-8.2e-07,1.4e-06,0.56
"pH","2",3,277.2,8.09999999999997,0.08129,0.5919,"(Intercept)",8.5,0.48,6.4e-38
"pH","2",3,277.2,8.09999999999997,0.08129,0.5919,"iceout_doy",-0.0064,0.0013,2.2e-06
"pH","2",3,277.2,8.09999999999997,0.08129,0.5919,"hydro",-0.08,0.18,0.67
"pH","2",3,277.2,8.09999999999997,0.08129,0.5919,"(Intercept)",8.5,0.48,6.4e-38
"pH","2",3,277.2,8.09999999999997,0.08129,0.5919,"iceout_doy",-0.0064,0.0013,2.2e-06
"pH","2",3,277.2,8.09999999999997,0.08129,0.5919,"hydro",-0.08,0.18,0.67
"pH","3",4,277.7,8.59999999999997,0.1131,0.5879,"(Intercept)",8.4,0.3,1.1e-59
"pH","3",4,277.7,8.59999999999997,0.1131,0.5879,"iceout_doy",-0.0065,0.0013,1.9e-06
"pH","3",4,277.7,8.59999999999997,0.1131,0.5879,"graywacke",0.0032,0.0027,0.25
"pH","3",4,277.7,8.59999999999997,0.1131,0.5879,"volume",-1.1e-06,1.4e-06,0.42
"pH","2x",4,278,8.89999999999998,0.07696,0.5988,"(Intercept)",6.6,0.48,5.3e-28
"pH","2x",4,278,8.89999999999998,0.07696,0.5988,"days_since_iceout",0.017,0.0046,0.00025
"pH","2x",4,278,8.89999999999998,0.07696,0.5988,"days_since_iceout:hydro",-0.0053,0.0021,0.012
"pH","2x",4,278,8.89999999999998,0.07696,0.5988,"hydro",0.13,0.21,0.55
"pH","2x",4,278.2,9.09999999999997,0.08184,0.5967,"(Intercept)",8.2,0.37,5.7e-48
"pH","2x",4,278.2,9.09999999999997,0.08184,0.5967,"volume:iceout_doy",-1.1e-08,1.2e-08,0.34
"pH","2x",4,278.2,9.09999999999997,0.08184,0.5967,"volume",1.2e-06,2.5e-06,0.65
"pH","2x",4,278.2,9.09999999999997,0.08184,0.5967,"iceout_doy",-0.0053,0.0018,0.0032
"pH","2x",4,278.2,9.09999999999997,0.08184,0.5967,"(Intercept)",8.2,0.37,5.7e-48
"pH","2x",4,278.2,9.09999999999997,0.08184,0.5967,"iceout_doy",-0.0053,0.0018,0.0032
"pH","2x",4,278.2,9.09999999999997,0.08184,0.5967,"iceout_doy:volume",-1.1e-08,1.2e-08,0.34
"pH","2x",4,278.2,9.09999999999997,0.08184,0.5967,"volume",1.2e-06,2.5e-06,0.65
"pH","2x",4,278.2,9.09999999999997,0.1021,0.5924,"(Intercept)",8.4,0.35,2.5e-51
"pH","2x",4,278.2,9.09999999999997,0.1021,0.5924,"iceout_doy",-0.0069,0.0017,0.00011
"pH","2x",4,278.2,9.09999999999997,0.1021,0.5924,"iceout_doy:graywacke",1.1e-05,2.6e-05,0.68
"pH","2x",4,278.2,9.09999999999997,0.1021,0.5924,"graywacke",0.00073,0.0056,0.9
"pH","3",4,278.3,9.19999999999999,0.1043,0.591,"(Intercept)",8.4,0.5,7.8e-36
"pH","3",4,278.3,9.19999999999999,0.1043,0.591,"iceout_doy",-0.0064,0.0013,2.2e-06
"pH","3",4,278.3,9.19999999999999,0.1043,0.591,"graywacke",0.0027,0.0027,0.34
"pH","3",4,278.3,9.19999999999999,0.1043,0.591,"hydro",-0.046,0.18,0.8
"pH","3",4,278.6,9.5,0.08753,0.5873,"(Intercept)",8.7,0.5,8.7e-37
"pH","3",4,278.6,9.5,0.08753,0.5873,"iceout_doy",-0.0065,0.0013,1.9e-06
"pH","3",4,278.6,9.5,0.08753,0.5873,"andesite",-0.0026,0.0033,0.44
"pH","3",4,278.6,9.5,0.08753,0.5873,"hydro",-0.11,0.19,0.57
"pH","3",4,278.7,9.59999999999997,0.08176,0.5857,"(Intercept)",8.5,0.3,1.3e-59
"pH","3",4,278.7,9.59999999999997,0.08176,0.5857,"iceout_doy",-0.0065,0.0013,1.8e-06
"pH","3",4,278.7,9.59999999999997,0.08176,0.5857,"andesite",-0.0021,0.0033,0.54
"pH","3",4,278.7,9.59999999999997,0.08176,0.5857,"volume",-7e-07,1.4e-06,0.62
"pH","3",4,278.8,9.69999999999999,0.09104,0.5908,"(Intercept)",8.7,0.52,9.5e-36
"pH","3",4,278.8,9.69999999999999,0.09104,0.5908,"iceout_doy",-0.0064,0.0013,2.2e-06
"pH","3",4,278.8,9.69999999999999,0.09104,0.5908,"volume",-9.4e-07,1.4e-06,0.51
"pH","3",4,278.8,9.69999999999999,0.09104,0.5908,"hydro",-0.099,0.18,0.6
"Rot","3",4,3232,0,0.06889,0.2367,"(Intercept)",-34000,36000,0.34
"Rot","3",4,3232,0,0.06889,0.2367,"Watertemp",4800,2200,0.036
"Rot","3",4,3232,0,0.06889,0.2367,"Chl",15000,10000,0.14
"Rot","3",4,3232,0,0.06889,0.2367,"Ca",190,3300,0.95
"Secchi","2x",4,473.7,0,0.05199,0.9066,"(Intercept)",6.3,0.75,1.4e-13
"Secchi","2x",4,473.7,0,0.05199,0.9066,"SWE",0.01,0.0018,1.8e-07
"Secchi","2x",4,473.7,0,0.05199,0.9066,"SWE:Chl",-0.0056,0.0024,0.023
"Secchi","2x",4,473.7,0,0.05199,0.9066,"Chl",-0.07,0.15,0.64
"Secchi","2",3,477,3.30000000000001,0.03956,0.9027,"(Intercept)",6.4,0.75,9.2e-14
"Secchi","2",3,477,3.30000000000001,0.03956,0.9027,"SWE",0.0081,0.0016,2e-06
"Secchi","2",3,477,3.30000000000001,0.03956,0.9027,"Chl",-0.22,0.14,0.11
"Secchi","3",4,479,5.30000000000001,0.05024,0.9031,"(Intercept)",5.5,2.4,0.026
"Secchi","3",4,479,5.30000000000001,0.05024,0.9031,"SWE",0.0081,0.0016,2.3e-06
"Secchi","3",4,479,5.30000000000001,0.05024,0.9031,"hydro",0.43,1.1,0.69
"Secchi","3",4,479,5.30000000000001,0.05024,0.9031,"Chl",-0.22,0.14,0.11
"Secchi","2",3,479,5.30000000000001,0.03123,0.9021,"(Intercept)",4.8,0.94,1.7e-06
"Secchi","2",3,479,5.30000000000001,0.03123,0.9021,"iceout_doy",0.016,0.0032,5.5e-06
"Secchi","2",3,479,5.30000000000001,0.03123,0.9021,"Chl",-0.25,0.14,0.068
"Secchi","2x",4,480.9,7.19999999999999,0.0303,0.9026,"(Intercept)",5.1,1.1,1.6e-05
"Secchi","2x",4,480.9,7.19999999999999,0.0303,0.9026,"iceout_doy",0.014,0.0048,0.0055
"Secchi","2x",4,480.9,7.19999999999999,0.0303,0.9026,"Chl",-0.86,1.2,0.47
"Secchi","2x",4,480.9,7.19999999999999,0.0303,0.9026,"iceout_doy:Chl",0.0039,0.0076,0.61
"Secchi","2",3,481,7.30000000000001,0.02726,0.8968,"(Intercept)",8.5,0.72,4.4e-21
"Secchi","2",3,481,7.30000000000001,0.02726,0.8968,"days_since_iceout",-0.016,0.0035,1.6e-05
"Secchi","2",3,481,7.30000000000001,0.02726,0.8968,"Chl",-0.26,0.14,0.059
"Secchi","3",4,481,7.30000000000001,0.04096,0.9025,"(Intercept)",3.9,2.5,0.13
"Secchi","3",4,481,7.30000000000001,0.04096,0.9025,"iceout_doy",0.016,0.0033,6.1e-06
"Secchi","3",4,481,7.30000000000001,0.04096,0.9025,"hydro",0.41,1.1,0.71
"Secchi","3",4,481,7.30000000000001,0.04096,0.9025,"Chl",-0.25,0.14,0.07
"Secchi","3",4,482.8,9.10000000000002,0.03854,0.8969,"(Intercept)",7.3,2.4,0.0029
"Secchi","3",4,482.8,9.10000000000002,0.03854,0.8969,"days_since_iceout",-0.016,0.0035,1.6e-05
"Secchi","3",4,482.8,9.10000000000002,0.03854,0.8969,"hydro",0.53,1,0.62
"Secchi","3",4,482.8,9.10000000000002,0.03854,0.8969,"Chl",-0.26,0.14,0.062
"Secchi","2x",4,483.1,9.40000000000003,0.02742,0.8967,"(Intercept)",8.5,0.76,7e-20
"Secchi","2x",4,483.1,9.40000000000003,0.02742,0.8967,"days_since_iceout",-0.016,0.005,0.0016
"Secchi","2x",4,483.1,9.40000000000003,0.02742,0.8967,"Chl",-0.32,0.53,0.54
"Secchi","2x",4,483.1,9.40000000000003,0.02742,0.8967,"days_since_iceout:Chl",0.00081,0.0072,0.91
"SO4","1",2,650.3,0,0.02306,0.5509,"(Intercept)",1.9,0.76,0.013
"SO4","1",2,650.3,0,0.02306,0.5509,"SO4_dep_2000_2009",-0.12,0.13,0.38
"SO4","1",2,650.6,0.300000000000068,0.00211,0.5533,"(Intercept)",1.5,0.43,0.00077
"SO4","1",2,650.6,0.300000000000068,0.00211,0.5533,"SWE",-0.0013,0.0018,0.46
"SO4","1",2,651,0.700000000000045,0.004132,0.5509,"(Intercept)",0.87,1.2,0.45
"SO4","1",2,651,0.700000000000045,0.004132,0.5509,"hydro",0.19,0.5,0.71
"SO4","1",2,651.1,0.800000000000068,1.136e-05,0.5506,"(Intercept)",1.3,0.39,0.00099
"SO4","1",2,651.1,0.800000000000068,1.136e-05,0.5506,"days_since_iceout",-0.00024,0.0038,0.95
"SO4","1",2,651.1,0.800000000000068,1.737e-06,0.5509,"(Intercept)",1.3,0.75,0.091
"SO4","1",2,651.1,0.800000000000068,1.737e-06,0.5509,"iceout_doy",8.5e-05,0.0036,0.98
"SO4","2",3,651.9,1.60000000000002,0.02495,0.5538,"(Intercept)",2.1,0.8,0.01
"SO4","2",3,651.9,1.60000000000002,0.02495,0.5538,"SO4_dep_2000_2009",-0.11,0.13,0.39
"SO4","2",3,651.9,1.60000000000002,0.02495,0.5538,"SWE",-0.0013,0.0018,0.48
"SO4","2",3,652.4,2.10000000000002,0.02477,0.551,"(Intercept)",1.6,1.4,0.26
"SO4","2",3,652.4,2.10000000000002,0.02477,0.551,"SO4_dep_2000_2009",-0.11,0.13,0.41
"SO4","2",3,652.4,2.10000000000002,0.02477,0.551,"hydro",0.11,0.5,0.82
"SO4","2",3,652.4,2.10000000000002,0.02309,0.5507,"(Intercept)",1.9,0.78,0.015
"SO4","2",3,652.4,2.10000000000002,0.02309,0.5507,"SO4_dep_2000_2009",-0.12,0.13,0.38
"SO4","2",3,652.4,2.10000000000002,0.02309,0.5507,"days_since_iceout",-0.00023,0.0038,0.95
"SO4","2",3,652.4,2.10000000000002,0.02307,0.5509,"(Intercept)",1.9,1,0.064
"SO4","2",3,652.4,2.10000000000002,0.02307,0.5509,"SO4_dep_2000_2009",-0.12,0.13,0.38
"SO4","2",3,652.4,2.10000000000002,0.02307,0.5509,"iceout_doy",0.00011,0.0036,0.98
"SO4","2",3,652.5,2.20000000000005,0.006321,0.5531,"(Intercept)",1.1,1.2,0.37
"SO4","2",3,652.5,2.20000000000005,0.006321,0.5531,"hydro",0.2,0.51,0.7
"SO4","2",3,652.5,2.20000000000005,0.006321,0.5531,"SWE",-0.0013,0.0018,0.46
"SO4","2",3,653.1,2.80000000000007,0.004151,0.5505,"(Intercept)",0.89,1.2,0.45
"SO4","2",3,653.1,2.80000000000007,0.004151,0.5505,"hydro",0.19,0.5,0.71
"SO4","2",3,653.1,2.80000000000007,0.004151,0.5505,"days_since_iceout",-0.00028,0.0038,0.94
"SO4","2",3,653.1,2.80000000000007,0.004132,0.5508,"(Intercept)",0.86,1.3,0.52
"SO4","2",3,653.1,2.80000000000007,0.004132,0.5508,"hydro",0.19,0.51,0.71
"SO4","2",3,653.1,2.80000000000007,0.004132,0.5508,"iceout_doy",5.5e-05,0.0036,0.99
"SO4","2x",4,653.7,3.40000000000009,0.02526,0.5519,"(Intercept)",0.59,1.8,0.75
"SO4","2x",4,653.7,3.40000000000009,0.02526,0.5519,"SO4_dep_2000_2009",0.071,0.25,0.78
"SO4","2x",4,653.7,3.40000000000009,0.02526,0.5519,"iceout_doy:SO4_dep_2000_2009",-0.00098,0.0011,0.39
"SO4","2x",4,653.7,3.40000000000009,0.02526,0.5519,"iceout_doy",0.007,0.0088,0.43
"SO4","2x",4,653.8,3.5,0.02526,0.5522,"(Intercept)",1.8,0.97,0.06
"SO4","2x",4,653.8,3.5,0.02526,0.5522,"SWE:SO4_dep_2000_2009",-3e-04,0.00067,0.65
"SO4","2x",4,653.8,3.5,0.02526,0.5522,"SWE",0.00052,0.0043,0.9
"SO4","2x",4,653.8,3.5,0.02526,0.5522,"SO4_dep_2000_2009",-0.07,0.16,0.66
"SO4","2x",4,653.9,3.60000000000002,0.02479,0.5492,"(Intercept)",2.2,0.88,0.012
"SO4","2x",4,653.9,3.60000000000002,0.02479,0.5492,"days_since_iceout:SO4_dep_2000_2009",0.00097,0.0012,0.44
"SO4","2x",4,653.9,3.60000000000002,0.02479,0.5492,"days_since_iceout",-0.0069,0.0093,0.46
"SO4","2x",4,653.9,3.60000000000002,0.02479,0.5492,"SO4_dep_2000_2009",-0.16,0.14,0.26
"SO4","3",4,653.9,3.60000000000002,0.02673,0.5538,"(Intercept)",1.8,1.5,0.23
"SO4","3",4,653.9,3.60000000000002,0.02673,0.5538,"SO4_dep_2000_2009",-0.11,0.13,0.42
"SO4","3",4,653.9,3.60000000000002,0.02673,0.5538,"SWE",-0.0013,0.0018,0.48
"SO4","3",4,653.9,3.60000000000002,0.02673,0.5538,"hydro",0.13,0.51,0.81
"SO4","3",4,654.4,4.10000000000002,0.02481,0.5507,"(Intercept)",1.6,1.5,0.26
"SO4","3",4,654.4,4.10000000000002,0.02481,0.5507,"hydro",0.12,0.51,0.82
"SO4","3",4,654.4,4.10000000000002,0.02481,0.5507,"days_since_iceout",-0.00025,0.0038,0.95
"SO4","3",4,654.4,4.10000000000002,0.02481,0.5507,"SO4_dep_2000_2009",-0.11,0.13,0.41
"SO4","3",4,654.4,4.10000000000002,0.02478,0.551,"(Intercept)",1.6,1.6,0.31
"SO4","3",4,654.4,4.10000000000002,0.02478,0.551,"hydro",0.11,0.51,0.82
"SO4","3",4,654.4,4.10000000000002,0.02478,0.551,"iceout_doy",9.3e-05,0.0036,0.98
"SO4","3",4,654.4,4.10000000000002,0.02478,0.551,"SO4_dep_2000_2009",-0.11,0.13,0.41
"SO4","2x",4,654.5,4.20000000000005,0.005988,0.5549,"(Intercept)",1.4,1.3,0.3
"SO4","2x",4,654.5,4.20000000000005,0.005988,0.5549,"hydro",-0.038,0.58,0.95
"SO4","2x",4,654.5,4.20000000000005,0.005988,0.5549,"days_since_iceout:hydro",0.0047,0.0057,0.41
"SO4","2x",4,654.5,4.20000000000005,0.005988,0.5549,"days_since_iceout",-0.01,0.013,0.42
"SO4","2x",4,654.5,4.20000000000005,0.006987,0.553,"(Intercept)",0.76,1.5,0.62
"SO4","2x",4,654.5,4.20000000000005,0.006987,0.553,"SWE:hydro",-0.00087,0.0028,0.75
"SO4","2x",4,654.5,4.20000000000005,0.006987,0.553,"SWE",0.00053,0.0062,0.93
"SO4","2x",4,654.5,4.20000000000005,0.006987,0.553,"hydro",0.34,0.67,0.62
"SO4","2x",4,655.1,4.80000000000007,0.004182,0.552,"(Intercept)",0.56,2.5,0.82
"SO4","2x",4,655.1,4.80000000000007,0.004182,0.552,"iceout_doy:hydro",-0.00078,0.0055,0.89
"SO4","2x",4,655.1,4.80000000000007,0.004182,0.552,"iceout_doy",0.0017,0.012,0.89
"SO4","2x",4,655.1,4.80000000000007,0.004182,0.552,"hydro",0.33,1.1,0.77
"SWE","2x",4,1778,0,0.479,0.8409,"(Intercept)",460,340,0.18
"SWE","2x",4,1778,0,0.479,0.8409,"iceout_doy:solar_jas",0.00081,0.00034,0.017
"SWE","2x",4,1778,0,0.479,0.8409,"solar_jas",-0.13,0.073,0.084
"SWE","2x",4,1778,0,0.479,0.8409,"iceout_doy",-2.1,1.6,0.18
"SWE","1",2,1780,2,0.4657,0.8293,"(Intercept)",-160,19,3.3e-14
"SWE","1",2,1780,2,0.4657,0.8293,"iceout_doy",1.7,0.084,2.6e-44
"SWE","2",3,1782,4,0.4707,0.8302,"(Intercept)",-220,190,0.25
"SWE","2",3,1782,4,0.4707,0.8302,"iceout_doy",1.7,0.084,3.9e-44
"SWE","2",3,1782,4,0.4707,0.8302,"solar_jas",0.013,0.04,0.75
"SWE","2",3,1782,4,0.4634,0.8285,"(Intercept)",-150,30,1.4e-06
"SWE","2",3,1782,4,0.4634,0.8285,"iceout_doy",1.7,0.084,3.9e-44
"SWE","2",3,1782,4,0.4634,0.8285,"solar_dec",-0.011,0.076,0.88
"SWE","2x",4,1783,5,0.465,0.8296,"(Intercept)",-120,49,0.013
"SWE","2x",4,1783,5,0.465,0.8296,"iceout_doy",1.5,0.23,4.6e-10
"SWE","2x",4,1783,5,0.465,0.8296,"solar_dec",-0.11,0.15,0.48
"SWE","2x",4,1783,5,0.465,0.8296,"iceout_doy:solar_dec",0.00053,7e-04,0.45
"SWE","3",4,1784,6,0.4674,0.8285,"(Intercept)",-240,200,0.24
"SWE","3",4,1784,6,0.4674,0.8285,"iceout_doy",1.7,0.084,5.5e-44
"SWE","3",4,1784,6,0.4674,0.8285,"solar_jas",0.021,0.046,0.66
"SWE","3",4,1784,6,0.4674,0.8285,"solar_dec",-0.03,0.086,0.74
"TDN","2x",4,-873.6,0,0.5341,0.7005,"(Intercept)",0.048,0.018,0.0072
"TDN","2x",4,-873.6,0,0.5341,0.7005,"iceout_doy:forest",-6.8e-06,1.7e-06,8.8e-05
"TDN","2x",4,-873.6,0,0.5341,0.7005,"iceout_doy",-0.00014,8.8e-05,0.1
"TDN","2x",4,-873.6,0,0.5341,0.7005,"forest",0.0019,0.00034,2.3e-05
"TDN","2x",4,-867.8,5.80000000000007,0.531,0.6855,"(Intercept)",0.027,0.0089,0.0023
"TDN","2x",4,-867.8,5.80000000000007,0.531,0.6855,"SWE:forest",-3.8e-06,9.4e-07,7.9e-05
"TDN","2x",4,-867.8,5.80000000000007,0.531,0.6855,"SWE",-5.6e-05,4.4e-05,0.21
"TDN","2x",4,-867.8,5.80000000000007,0.531,0.6855,"forest",0.0013,0.00019,1.9e-06
"TDN","2x",4,-866.7,6.89999999999998,0.5081,0.6906,"(Intercept)",0.012,0.0074,0.11
"TDN","2x",4,-866.7,6.89999999999998,0.5081,0.6906,"days_since_iceout:forest",7.3e-06,1.8e-06,1e-04
"TDN","2x",4,-866.7,6.89999999999998,0.5081,0.6906,"forest",0.00033,0.00016,0.05
"TDN","2x",4,-866.7,6.89999999999998,0.5081,0.6906,"days_since_iceout",0.00014,9.2e-05,0.12
"TDP","1",2,-1768,0,0.05698,0.07686,"(Intercept)",0.0028,3e-04,3e-16
"TDP","1",2,-1768,0,0.05698,0.07686,"SWE",-5.7e-06,1.8e-06,0.0018
"TDP","2",3,-1767,1,0.06251,0.07757,"(Intercept)",0.0026,0.00035,5.5e-12
"TDP","2",3,-1767,1,0.06251,0.07757,"SWE",-5.7e-06,1.8e-06,0.0017
"TDP","2",3,-1767,1,0.06251,0.07757,"forest",4.5e-06,4.8e-06,0.36
"TDP","1",2,-1766,2,0.0476,0.09883,"(Intercept)",0.0041,0.00075,2.6e-07
"TDP","1",2,-1766,2,0.0476,0.09883,"iceout_doy",-1.2e-05,4e-06,0.0039
"TDP","2",3,-1766,2,0.06118,0.07728,"(Intercept)",0.0025,4e-04,3.5e-09
"TDP","2",3,-1766,2,0.06118,0.07728,"SWE",-5.9e-06,1.8e-06,0.0013
"TDP","2",3,-1766,2,0.06118,0.07728,"depthmean",7.2e-05,8.4e-05,0.41
"TDP","2",3,-1766,2,0.06009,0.07796,"(Intercept)",0.003,0.00051,1.6e-08
"TDP","2",3,-1766,2,0.06009,0.07796,"SWE",-5.6e-06,1.8e-06,0.002
"TDP","2",3,-1766,2,0.06009,0.07796,"hydro",-0.00013,0.00019,0.5
"TDP","3",4,-1765,3,0.06665,0.0782,"(Intercept)",0.0024,0.00043,1.7e-07
"TDP","3",4,-1765,3,0.06665,0.0782,"SWE",-5.9e-06,1.8e-06,0.0013
"TDP","3",4,-1765,3,0.06665,0.0782,"forest",4.4e-06,4.7e-06,0.36
"TDP","3",4,-1765,3,0.06665,0.0782,"depthmean",7e-05,8.3e-05,0.41
"TDP","2x",4,-1765,3,0.06415,0.08304,"(Intercept)",0.0023,0.00052,1e-05
"TDP","2x",4,-1765,3,0.06415,0.08304,"SWE",-4.1e-06,3e-06,0.17
"TDP","2x",4,-1765,3,0.06415,0.08304,"forest",1.1e-05,1.2e-05,0.34
"TDP","2x",4,-1765,3,0.06415,0.08304,"SWE:forest",-4.4e-08,6.8e-08,0.52
"TDP","2",3,-1765,3,0.05084,0.09957,"(Intercept)",0.0043,0.00087,1.7e-06
"TDP","2",3,-1765,3,0.05084,0.09957,"iceout_doy",-1.1e-05,4e-06,0.0045
"TDP","2",3,-1765,3,0.05084,0.09957,"hydro",-0.00013,0.00021,0.54
"TDP","3",4,-1765,3,0.06422,0.07849,"(Intercept)",0.0028,0.00057,2.4e-06
"TDP","3",4,-1765,3,0.06422,0.07849,"SWE",-5.8e-06,1.8e-06,0.0015
"TDP","3",4,-1765,3,0.06422,0.07849,"depthmean",7.1e-05,8.4e-05,0.41
"TDP","3",4,-1765,3,0.06422,0.07849,"hydro",-0.00013,0.00019,0.5
"TDP","3",4,-1765,3,0.06433,0.07849,"(Intercept)",0.0028,0.00057,1.5e-06
"TDP","3",4,-1765,3,0.06433,0.07849,"SWE",-5.6e-06,1.8e-06,0.002
"TDP","3",4,-1765,3,0.06433,0.07849,"forest",4e-06,4.9e-06,0.42
"TDP","3",4,-1765,3,0.06433,0.07849,"hydro",-1e-04,0.00019,0.61
"TDP","2",3,-1765,3,0.04966,0.09893,"(Intercept)",0.0039,0.00081,4.1e-06
"TDP","2",3,-1765,3,0.04966,0.09893,"iceout_doy",-1.2e-05,4e-06,0.0037
"TDP","2",3,-1765,3,0.04966,0.09893,"depthmean",5.5e-05,9.4e-05,0.56
"TDP","2",3,-1765,3,0.04977,0.09997,"(Intercept)",0.0039,0.00082,4e-06
"TDP","2",3,-1765,3,0.04977,0.09997,"iceout_doy",-1.1e-05,4e-06,0.0055
"TDP","2",3,-1765,3,0.04977,0.09997,"forest",2.3e-06,5.5e-06,0.68
"TDP","2x",4,-1764,4,0.06161,0.07736,"(Intercept)",0.0023,0.00072,0.0013
"TDP","2x",4,-1764,4,0.06161,0.07736,"SWE",-4.6e-06,4.5e-06,0.3
"TDP","2x",4,-1764,4,0.06161,0.07736,"depthmean",0.00013,2e-04,0.53
"TDP","2x",4,-1764,4,0.06161,0.07736,"SWE:depthmean",-3.7e-07,1.2e-06,0.76
"TDP","2x",4,-1764,4,0.0608,0.07918,"(Intercept)",0.0034,0.0011,0.0022
"TDP","2x",4,-1764,4,0.0608,0.07918,"SWE",-8.1e-06,6.5e-06,0.21
"TDP","2x",4,-1764,4,0.0608,0.07918,"hydro",-0.00031,0.00049,0.53
"TDP","2x",4,-1764,4,0.0608,0.07918,"SWE:hydro",1.1e-06,2.8e-06,0.68
"TDP","2x",4,-1764,4,0.05596,0.1017,"(Intercept)",0.0058,0.002,0.0037
"TDP","2x",4,-1764,4,0.05596,0.1017,"iceout_doy",-2.2e-05,1e-05,0.036
"TDP","2x",4,-1764,4,0.05596,0.1017,"iceout_doy:depthmean",2.7e-06,2.5e-06,0.28
"TDP","2x",4,-1764,4,0.05596,0.1017,"depthmean",-0.00046,0.00049,0.36
"TDP","2x",4,-1764,4,0.05722,0.1021,"(Intercept)",0.0019,0.0026,0.47
"TDP","2x",4,-1764,4,0.05722,0.1021,"iceout_doy:hydro",-6.2e-06,6.1e-06,0.31
"TDP","2x",4,-1764,4,0.05722,0.1021,"hydro",0.001,0.0011,0.39
"TDP","2x",4,-1764,4,0.05722,0.1021,"iceout_doy",1.9e-06,1.4e-05,0.89
"TDP","2x",4,-1764,4,0.05441,0.09854,"(Intercept)",0.0018,0.00045,9.4e-05
"TDP","2x",4,-1764,4,0.05441,0.09854,"days_since_iceout:forest",2.9e-07,1.5e-07,0.061
"TDP","2x",4,-1764,4,0.05441,0.09854,"forest",-1e-05,9.4e-06,0.29
"TDP","2x",4,-1764,4,0.05441,0.09854,"days_since_iceout",-1.6e-06,7.6e-06,0.84
"TDP","2x",4,-1764,4,0.05598,0.11,"(Intercept)",0.0027,0.0014,0.049
"TDP","2x",4,-1764,4,0.05598,0.11,"iceout_doy:forest",-1.5e-07,1.4e-07,0.28
"TDP","2x",4,-1764,4,0.05598,0.11,"iceout_doy",-5.1e-06,7.1e-06,0.47
"TDP","2x",4,-1764,4,0.05598,0.11,"forest",3e-05,2.6e-05,0.27
"TDP","1",2,-1764,4,0.03052,0.07086,"(Intercept)",0.0014,0.00026,6.9e-07
"TDP","1",2,-1764,4,0.03052,0.07086,"days_since_iceout",1e-05,4.4e-06,0.019
"TDP","3",4,-1763,5,0.05287,0.09973,"(Intercept)",0.0041,0.00092,1.3e-05
"TDP","3",4,-1763,5,0.05287,0.09973,"iceout_doy",-1.2e-05,4e-06,0.0043
"TDP","3",4,-1763,5,0.05287,0.09973,"hydro",-0.00013,0.00021,0.54
"TDP","3",4,-1763,5,0.05287,0.09973,"depthmean",5.5e-05,9.3e-05,0.56
"TDP","3",4,-1763,5,0.05172,0.1001,"(Intercept)",0.0038,0.00087,3e-05
"TDP","3",4,-1763,5,0.05172,0.1001,"iceout_doy",-1.1e-05,4e-06,0.0052
"TDP","3",4,-1763,5,0.05172,0.1001,"depthmean",5.4e-05,9.4e-05,0.57
"TDP","3",4,-1763,5,0.05172,0.1001,"forest",2.2e-06,5.5e-06,0.69
"TDP","3",4,-1763,5,0.0522,0.1004,"(Intercept)",0.0042,0.00096,2.2e-05
"TDP","3",4,-1763,5,0.0522,0.1004,"iceout_doy",-1.1e-05,4e-06,0.0059
"TDP","3",4,-1763,5,0.0522,0.1004,"hydro",-0.00012,0.00022,0.58
"TDP","3",4,-1763,5,0.0522,0.1004,"forest",1.7e-06,5.6e-06,0.76
"TDP","2",3,-1762,6,0.03671,0.07191,"(Intercept)",0.0018,0.00051,0.00066
"TDP","2",3,-1762,6,0.03671,0.07191,"days_since_iceout",1.1e-05,4.4e-06,0.017
"TDP","2",3,-1762,6,0.03671,0.07191,"hydro",-2e-04,0.00021,0.35
"TDP","2",3,-1762,6,0.03585,0.07285,"(Intercept)",0.0012,0.00032,0.00022
"TDP","2",3,-1762,6,0.03585,0.07285,"days_since_iceout",1e-05,4.4e-06,0.021
"TDP","2",3,-1762,6,0.03585,0.07285,"forest",4.3e-06,5.2e-06,0.42
"TDP","2",3,-1762,6,0.03204,0.07142,"(Intercept)",0.0012,0.00042,0.0046
"TDP","2",3,-1762,6,0.03204,0.07142,"days_since_iceout",1e-05,4.4e-06,0.02
"TDP","2",3,-1762,6,0.03204,0.07142,"depthmean",4.2e-05,9.1e-05,0.65
"TDP","3",4,-1761,7,0.04024,0.07362,"(Intercept)",0.0016,0.00058,0.006
"TDP","3",4,-1761,7,0.04024,0.07362,"days_since_iceout",1.1e-05,4.4e-06,0.019
"TDP","3",4,-1761,7,0.04024,0.07362,"hydro",-0.00017,0.00021,0.42
"TDP","3",4,-1761,7,0.04024,0.07362,"forest",3.5e-06,5.3e-06,0.51
"TDP","2x",4,-1761,7,0.03832,0.07313,"(Intercept)",0.0021,0.00085,0.013
"TDP","2x",4,-1761,7,0.03832,0.07313,"days_since_iceout:hydro",3.6e-06,6.7e-06,0.6
"TDP","2x",4,-1761,7,0.03832,0.07313,"days_since_iceout",3.1e-06,1.5e-05,0.84
"TDP","2x",4,-1761,7,0.03832,0.07313,"hydro",-0.00037,0.00038,0.35
"TDP","3",4,-1761,7,0.03821,0.07253,"(Intercept)",0.0016,0.00061,0.0079
"TDP","3",4,-1761,7,0.03821,0.07253,"days_since_iceout",1.1e-05,4.4e-06,0.017
"TDP","3",4,-1761,7,0.03821,0.07253,"hydro",-2e-04,0.00021,0.35
"TDP","3",4,-1761,7,0.03821,0.07253,"depthmean",4.2e-05,9e-05,0.65
"TDP","2x",4,-1760,8,0.03605,0.07671,"(Intercept)",0.00076,0.00067,0.25
"TDP","2x",4,-1760,8,0.03605,0.07671,"days_since_iceout",2e-05,1.2e-05,0.093
"TDP","2x",4,-1760,8,0.03605,0.07671,"depthmean",0.00016,0.00016,0.34
"TDP","2x",4,-1760,8,0.03605,0.07671,"days_since_iceout:depthmean",-2.4e-06,2.8e-06,0.39
"TDP","3",4,-1760,8,0.03726,0.07343,"(Intercept)",0.0011,0.00045,0.02
"TDP","3",4,-1760,8,0.03726,0.07343,"days_since_iceout",1e-05,4.4e-06,0.021
"TDP","3",4,-1760,8,0.03726,0.07343,"forest",4.3e-06,5.2e-06,0.42
"TDP","3",4,-1760,8,0.03726,0.07343,"depthmean",4.1e-05,9.1e-05,0.66
"TDP","1",2,-1759,9,0.006021,0.04278,"(Intercept)",0.0017,0.00024,1.7e-11
"TDP","1",2,-1759,9,0.006021,0.04278,"forest",4.7e-06,5.3e-06,0.38
"TDP","1",2,-1759,9,0.004743,0.04224,"(Intercept)",0.0023,0.00048,6e-06
"TDP","1",2,-1759,9,0.004743,0.04224,"hydro",-0.00017,0.00021,0.43
"TDP","1",2,-1758,10,0.001499,0.04174,"(Intercept)",0.0017,0.00036,3.1e-06
"TDP","1",2,-1758,10,0.001499,0.04174,"depthmean",4.1e-05,9.2e-05,0.66
"Watertemp","3",4,839.4,0,0.4064,0.6098,"(Intercept)",7.8,8.8,0.38
"Watertemp","3",4,839.4,0,0.4064,0.6098,"iceout_doy",-0.075,0.0071,9.2e-20
"Watertemp","3",4,839.4,0,0.4064,0.6098,"solar_jas",0.0048,0.0019,0.021
"Watertemp","3",4,839.4,0,0.4064,0.6098,"hydro",-1.5,0.72,0.047
"Watertemp","2",3,841.5,2.10000000000002,0.3367,0.6038,"(Intercept)",9.6,9.7,0.32
"Watertemp","2",3,841.5,2.10000000000002,0.3367,0.6038,"iceout_doy",-0.074,0.0071,1.5e-19
"Watertemp","2",3,841.5,2.10000000000002,0.3367,0.6038,"solar_jas",0.0037,0.002,0.086
"Watertemp","1",2,842.5,3.10000000000002,0.2983,0.6123,"(Intercept)",27,1.4,8.1e-41
"Watertemp","1",2,842.5,3.10000000000002,0.2983,0.6123,"iceout_doy",-0.073,0.0071,3.5e-19
"Watertemp","3",4,842.8,3.39999999999998,0.3568,0.6109,"(Intercept)",6.4,10,0.53
"Watertemp","3",4,842.8,3.39999999999998,0.3568,0.6109,"iceout_doy",-0.074,0.0071,2.8e-19
"Watertemp","3",4,842.8,3.39999999999998,0.3568,0.6109,"solar_jas",0.0046,0.0023,0.059
"Watertemp","3",4,842.8,3.39999999999998,0.3568,0.6109,"solar_dec",-0.0036,0.0043,0.41
"Watertemp","2",3,842.9,3.5,0.3357,0.6176,"(Intercept)",29,2.2,2.1e-26
"Watertemp","2",3,842.9,3.5,0.3357,0.6176,"iceout_doy",-0.073,0.0071,4.1e-19
"Watertemp","2",3,842.9,3.5,0.3357,0.6176,"hydro",-1,0.8,0.21
"Watertemp","3",4,843,3.60000000000002,0.348,0.6055,"(Intercept)",7.3,10,0.47
"Watertemp","3",4,843,3.60000000000002,0.348,0.6055,"iceout_doy",-0.074,0.0071,1.8e-19
"Watertemp","3",4,843,3.60000000000002,0.348,0.6055,"solar_jas",0.0041,0.0021,0.065
"Watertemp","3",4,843,3.60000000000002,0.348,0.6055,"volume",4.6e-06,6e-06,0.45
"Watertemp","2x",4,843.2,3.80000000000007,0.3475,0.6204,"(Intercept)",24,4.7,1.8e-06
"Watertemp","2x",4,843.2,3.80000000000007,0.3475,0.6204,"iceout_doy",-0.043,0.024,0.074
"Watertemp","2x",4,843.2,3.80000000000007,0.3475,0.6204,"iceout_doy:hydro",-0.014,0.011,0.19
"Watertemp","2x",4,843.2,3.80000000000007,0.3475,0.6204,"hydro",1.6,2.1,0.46
"Watertemp","2x",4,843.5,4.10000000000002,0.3347,0.6048,"(Intercept)",15,26,0.56
"Watertemp","2x",4,843.5,4.10000000000002,0.3347,0.6048,"iceout_doy",-0.11,0.14,0.43
"Watertemp","2x",4,843.5,4.10000000000002,0.3347,0.6048,"solar_jas",0.0025,0.0056,0.66
"Watertemp","2x",4,843.5,4.10000000000002,0.3347,0.6048,"iceout_doy:solar_jas",6.8e-06,2.9e-05,0.82
"Watertemp","2x",4,844.2,4.80000000000007,0.3083,0.6197,"(Intercept)",29,1.9,2.1e-30
"Watertemp","2x",4,844.2,4.80000000000007,0.3083,0.6197,"iceout_doy",-0.083,0.0096,8.3e-15
"Watertemp","2x",4,844.2,4.80000000000007,0.3083,0.6197,"iceout_doy:volume",9.8e-08,6.3e-08,0.13
"Watertemp","2x",4,844.2,4.80000000000007,0.3083,0.6197,"volume",-1.6e-05,1.3e-05,0.23
"Watertemp","2",3,844.5,5.10000000000002,0.3004,0.6129,"(Intercept)",27,1.5,3.6e-37
"Watertemp","2",3,844.5,5.10000000000002,0.3004,0.6129,"iceout_doy",-0.073,0.0071,4.4e-19
"Watertemp","2",3,844.5,5.10000000000002,0.3004,0.6129,"volume",1.6e-06,6.3e-06,0.8
"Watertemp","2",3,844.5,5.10000000000002,0.297,0.6113,"(Intercept)",27,1.9,4.3e-29
"Watertemp","2",3,844.5,5.10000000000002,0.297,0.6113,"iceout_doy",-0.073,0.0071,4.9e-19
"Watertemp","2",3,844.5,5.10000000000002,0.297,0.6113,"solar_dec",0.00038,0.0041,0.93
"Watertemp","3",4,844.9,5.5,0.3341,0.6162,"(Intercept)",29,2.5,1.8e-22
"Watertemp","3",4,844.9,5.5,0.3341,0.6162,"iceout_doy",-0.073,0.0071,5.7e-19
"Watertemp","3",4,844.9,5.5,0.3341,0.6162,"hydro",-1,0.8,0.21
"Watertemp","3",4,844.9,5.5,0.3341,0.6162,"solar_dec",6e-04,0.004,0.88
"Watertemp","3",4,845,5.60000000000002,0.336,0.6177,"(Intercept)",29,2.4,4.5e-24
"Watertemp","3",4,845,5.60000000000002,0.336,0.6177,"iceout_doy",-0.073,0.0071,5.1e-19
"Watertemp","3",4,845,5.60000000000002,0.336,0.6177,"hydro",-1,0.81,0.22
"Watertemp","3",4,845,5.60000000000002,0.336,0.6177,"volume",3.9e-07,6.1e-06,0.95
"Watertemp","3",4,846.6,7.20000000000005,0.2994,0.6122,"(Intercept)",27,2,8.7e-28
"Watertemp","3",4,846.6,7.20000000000005,0.2994,0.6122,"iceout_doy",-0.073,0.0071,6.5e-19
"Watertemp","3",4,846.6,7.20000000000005,0.2994,0.6122,"volume",1.6e-06,6.3e-06,0.81
"Watertemp","3",4,846.6,7.20000000000005,0.2994,0.6122,"solar_dec",0.00029,0.0042,0.94
"Watertemp","2x",4,846.6,7.20000000000005,0.2966,0.6115,"(Intercept)",27,3.8,3.7e-11
"Watertemp","2x",4,846.6,7.20000000000005,0.2966,0.6115,"iceout_doy",-0.075,0.019,0.00015
"Watertemp","2x",4,846.6,7.20000000000005,0.2966,0.6115,"iceout_doy:solar_dec",5e-06,5.9e-05,0.93
"Watertemp","2x",4,846.6,7.20000000000005,0.2966,0.6115,"solar_dec",-0.00054,0.012,0.96
